#! /c/Source/iverilog-install/bin/vvp
:ivl_version "12.0 (devel)" "(s20150603-1539-g2693dd32b)";
:ivl_delay_selection "TYPICAL";
:vpi_time_precision - 12;
:vpi_module "C:\iverilog\lib\ivl\system.vpi";
:vpi_module "C:\iverilog\lib\ivl\vhdl_sys.vpi";
:vpi_module "C:\iverilog\lib\ivl\vhdl_textio.vpi";
:vpi_module "C:\iverilog\lib\ivl\v2005_math.vpi";
:vpi_module "C:\iverilog\lib\ivl\va_math.vpi";
S_0000021135ab0370 .scope module, "pl_final_tb" "pl_final_tb" 2 3;
 .timescale -9 -9;
v0000021135b2e3d0_0 .var "clk", 0 0;
v0000021135b2f4b0_0 .var/i "cycles", 31 0;
v0000021135b2e830_0 .var/i "i", 31 0;
v0000021135b2fff0_0 .var "imem_file", 1023 0;
v0000021135b2e470_0 .var "rstn", 0 0;
S_000002113560b4b0 .scope module, "dut" "plcomp" 2 11, 3 2 0, S_0000021135ab0370;
 .timescale -9 -12;
    .port_info 0 /INPUT 1 "clk";
    .port_info 1 /INPUT 1 "rstn";
L_0000021135a7b8e0 .functor BUFZ 1, v0000021135b2e470_0, C4<0>, C4<0>, C4<0>;
v0000021135b3cbb0_0 .net "MemRead", 0 0, L_0000021135a7b720;  1 drivers
v0000021135b2f9b0_0 .net "MemWrite", 0 0, L_0000021135a7b6b0;  1 drivers
v0000021135b2fa50_0 .net "PC", 31 0, v0000021135a9ef10_0;  1 drivers
v0000021135b2e790_0 .net "clk", 0 0, v0000021135b2e3d0_0;  1 drivers
v0000021135b2e010_0 .net "dm_addr", 31 0, L_0000021135a7ba30;  1 drivers
v0000021135b301d0_0 .net "dm_din", 31 0, L_0000021135a7c7c0;  1 drivers
v0000021135b2eb50_0 .net "dm_dout", 31 0, v0000021135a9e970_0;  1 drivers
v0000021135b2ef10_0 .net "instr", 31 0, L_0000021135b73200;  1 drivers
v0000021135b2dbb0_0 .net "reset", 0 0, L_0000021135a7b8e0;  1 drivers
v0000021135b2dcf0_0 .net "rstn", 0 0, v0000021135b2e470_0;  1 drivers
L_0000021135b5ba00 .part v0000021135a9ef10_0, 2, 30;
S_000002113560b640 .scope module, "U_DM" "dm" 3 28, 4 3 0, S_000002113560b4b0;
 .timescale -9 -12;
    .port_info 0 /INPUT 1 "clk";
    .port_info 1 /INPUT 1 "DMWr";
    .port_info 2 /INPUT 1 "DMRe";
    .port_info 3 /INPUT 32 "addr";
    .port_info 4 /INPUT 32 "din";
    .port_info 5 /OUTPUT 32 "dout";
v0000021135a9cd50_0 .net "DMRe", 0 0, L_0000021135a7b720;  alias, 1 drivers
v0000021135a9c710_0 .net "DMWr", 0 0, L_0000021135a7b6b0;  alias, 1 drivers
v0000021135a9cf30_0 .net "addr", 31 0, L_0000021135a7ba30;  alias, 1 drivers
v0000021135a9ca30_0 .net "clk", 0 0, v0000021135b2e3d0_0;  alias, 1 drivers
v0000021135a9cfd0_0 .net "din", 31 0, L_0000021135a7c7c0;  alias, 1 drivers
v0000021135a9e510 .array "dmem", 0 127, 31 0;
v0000021135a9e970_0 .var "dout", 31 0;
v0000021135a9e510_0 .array/port v0000021135a9e510, 0;
v0000021135a9e510_1 .array/port v0000021135a9e510, 1;
E_0000021135a852f0/0 .event anyedge, v0000021135a9cd50_0, v0000021135a9cf30_0, v0000021135a9e510_0, v0000021135a9e510_1;
v0000021135a9e510_2 .array/port v0000021135a9e510, 2;
v0000021135a9e510_3 .array/port v0000021135a9e510, 3;
v0000021135a9e510_4 .array/port v0000021135a9e510, 4;
v0000021135a9e510_5 .array/port v0000021135a9e510, 5;
E_0000021135a852f0/1 .event anyedge, v0000021135a9e510_2, v0000021135a9e510_3, v0000021135a9e510_4, v0000021135a9e510_5;
v0000021135a9e510_6 .array/port v0000021135a9e510, 6;
v0000021135a9e510_7 .array/port v0000021135a9e510, 7;
v0000021135a9e510_8 .array/port v0000021135a9e510, 8;
v0000021135a9e510_9 .array/port v0000021135a9e510, 9;
E_0000021135a852f0/2 .event anyedge, v0000021135a9e510_6, v0000021135a9e510_7, v0000021135a9e510_8, v0000021135a9e510_9;
v0000021135a9e510_10 .array/port v0000021135a9e510, 10;
v0000021135a9e510_11 .array/port v0000021135a9e510, 11;
v0000021135a9e510_12 .array/port v0000021135a9e510, 12;
v0000021135a9e510_13 .array/port v0000021135a9e510, 13;
E_0000021135a852f0/3 .event anyedge, v0000021135a9e510_10, v0000021135a9e510_11, v0000021135a9e510_12, v0000021135a9e510_13;
v0000021135a9e510_14 .array/port v0000021135a9e510, 14;
v0000021135a9e510_15 .array/port v0000021135a9e510, 15;
v0000021135a9e510_16 .array/port v0000021135a9e510, 16;
v0000021135a9e510_17 .array/port v0000021135a9e510, 17;
E_0000021135a852f0/4 .event anyedge, v0000021135a9e510_14, v0000021135a9e510_15, v0000021135a9e510_16, v0000021135a9e510_17;
v0000021135a9e510_18 .array/port v0000021135a9e510, 18;
v0000021135a9e510_19 .array/port v0000021135a9e510, 19;
v0000021135a9e510_20 .array/port v0000021135a9e510, 20;
v0000021135a9e510_21 .array/port v0000021135a9e510, 21;
E_0000021135a852f0/5 .event anyedge, v0000021135a9e510_18, v0000021135a9e510_19, v0000021135a9e510_20, v0000021135a9e510_21;
v0000021135a9e510_22 .array/port v0000021135a9e510, 22;
v0000021135a9e510_23 .array/port v0000021135a9e510, 23;
v0000021135a9e510_24 .array/port v0000021135a9e510, 24;
v0000021135a9e510_25 .array/port v0000021135a9e510, 25;
E_0000021135a852f0/6 .event anyedge, v0000021135a9e510_22, v0000021135a9e510_23, v0000021135a9e510_24, v0000021135a9e510_25;
v0000021135a9e510_26 .array/port v0000021135a9e510, 26;
v0000021135a9e510_27 .array/port v0000021135a9e510, 27;
v0000021135a9e510_28 .array/port v0000021135a9e510, 28;
v0000021135a9e510_29 .array/port v0000021135a9e510, 29;
E_0000021135a852f0/7 .event anyedge, v0000021135a9e510_26, v0000021135a9e510_27, v0000021135a9e510_28, v0000021135a9e510_29;
v0000021135a9e510_30 .array/port v0000021135a9e510, 30;
v0000021135a9e510_31 .array/port v0000021135a9e510, 31;
v0000021135a9e510_32 .array/port v0000021135a9e510, 32;
v0000021135a9e510_33 .array/port v0000021135a9e510, 33;
E_0000021135a852f0/8 .event anyedge, v0000021135a9e510_30, v0000021135a9e510_31, v0000021135a9e510_32, v0000021135a9e510_33;
v0000021135a9e510_34 .array/port v0000021135a9e510, 34;
v0000021135a9e510_35 .array/port v0000021135a9e510, 35;
v0000021135a9e510_36 .array/port v0000021135a9e510, 36;
v0000021135a9e510_37 .array/port v0000021135a9e510, 37;
E_0000021135a852f0/9 .event anyedge, v0000021135a9e510_34, v0000021135a9e510_35, v0000021135a9e510_36, v0000021135a9e510_37;
v0000021135a9e510_38 .array/port v0000021135a9e510, 38;
v0000021135a9e510_39 .array/port v0000021135a9e510, 39;
v0000021135a9e510_40 .array/port v0000021135a9e510, 40;
v0000021135a9e510_41 .array/port v0000021135a9e510, 41;
E_0000021135a852f0/10 .event anyedge, v0000021135a9e510_38, v0000021135a9e510_39, v0000021135a9e510_40, v0000021135a9e510_41;
v0000021135a9e510_42 .array/port v0000021135a9e510, 42;
v0000021135a9e510_43 .array/port v0000021135a9e510, 43;
v0000021135a9e510_44 .array/port v0000021135a9e510, 44;
v0000021135a9e510_45 .array/port v0000021135a9e510, 45;
E_0000021135a852f0/11 .event anyedge, v0000021135a9e510_42, v0000021135a9e510_43, v0000021135a9e510_44, v0000021135a9e510_45;
v0000021135a9e510_46 .array/port v0000021135a9e510, 46;
v0000021135a9e510_47 .array/port v0000021135a9e510, 47;
v0000021135a9e510_48 .array/port v0000021135a9e510, 48;
v0000021135a9e510_49 .array/port v0000021135a9e510, 49;
E_0000021135a852f0/12 .event anyedge, v0000021135a9e510_46, v0000021135a9e510_47, v0000021135a9e510_48, v0000021135a9e510_49;
v0000021135a9e510_50 .array/port v0000021135a9e510, 50;
v0000021135a9e510_51 .array/port v0000021135a9e510, 51;
v0000021135a9e510_52 .array/port v0000021135a9e510, 52;
v0000021135a9e510_53 .array/port v0000021135a9e510, 53;
E_0000021135a852f0/13 .event anyedge, v0000021135a9e510_50, v0000021135a9e510_51, v0000021135a9e510_52, v0000021135a9e510_53;
v0000021135a9e510_54 .array/port v0000021135a9e510, 54;
v0000021135a9e510_55 .array/port v0000021135a9e510, 55;
v0000021135a9e510_56 .array/port v0000021135a9e510, 56;
v0000021135a9e510_57 .array/port v0000021135a9e510, 57;
E_0000021135a852f0/14 .event anyedge, v0000021135a9e510_54, v0000021135a9e510_55, v0000021135a9e510_56, v0000021135a9e510_57;
v0000021135a9e510_58 .array/port v0000021135a9e510, 58;
v0000021135a9e510_59 .array/port v0000021135a9e510, 59;
v0000021135a9e510_60 .array/port v0000021135a9e510, 60;
v0000021135a9e510_61 .array/port v0000021135a9e510, 61;
E_0000021135a852f0/15 .event anyedge, v0000021135a9e510_58, v0000021135a9e510_59, v0000021135a9e510_60, v0000021135a9e510_61;
v0000021135a9e510_62 .array/port v0000021135a9e510, 62;
v0000021135a9e510_63 .array/port v0000021135a9e510, 63;
v0000021135a9e510_64 .array/port v0000021135a9e510, 64;
v0000021135a9e510_65 .array/port v0000021135a9e510, 65;
E_0000021135a852f0/16 .event anyedge, v0000021135a9e510_62, v0000021135a9e510_63, v0000021135a9e510_64, v0000021135a9e510_65;
v0000021135a9e510_66 .array/port v0000021135a9e510, 66;
v0000021135a9e510_67 .array/port v0000021135a9e510, 67;
v0000021135a9e510_68 .array/port v0000021135a9e510, 68;
v0000021135a9e510_69 .array/port v0000021135a9e510, 69;
E_0000021135a852f0/17 .event anyedge, v0000021135a9e510_66, v0000021135a9e510_67, v0000021135a9e510_68, v0000021135a9e510_69;
v0000021135a9e510_70 .array/port v0000021135a9e510, 70;
v0000021135a9e510_71 .array/port v0000021135a9e510, 71;
v0000021135a9e510_72 .array/port v0000021135a9e510, 72;
v0000021135a9e510_73 .array/port v0000021135a9e510, 73;
E_0000021135a852f0/18 .event anyedge, v0000021135a9e510_70, v0000021135a9e510_71, v0000021135a9e510_72, v0000021135a9e510_73;
v0000021135a9e510_74 .array/port v0000021135a9e510, 74;
v0000021135a9e510_75 .array/port v0000021135a9e510, 75;
v0000021135a9e510_76 .array/port v0000021135a9e510, 76;
v0000021135a9e510_77 .array/port v0000021135a9e510, 77;
E_0000021135a852f0/19 .event anyedge, v0000021135a9e510_74, v0000021135a9e510_75, v0000021135a9e510_76, v0000021135a9e510_77;
v0000021135a9e510_78 .array/port v0000021135a9e510, 78;
v0000021135a9e510_79 .array/port v0000021135a9e510, 79;
v0000021135a9e510_80 .array/port v0000021135a9e510, 80;
v0000021135a9e510_81 .array/port v0000021135a9e510, 81;
E_0000021135a852f0/20 .event anyedge, v0000021135a9e510_78, v0000021135a9e510_79, v0000021135a9e510_80, v0000021135a9e510_81;
v0000021135a9e510_82 .array/port v0000021135a9e510, 82;
v0000021135a9e510_83 .array/port v0000021135a9e510, 83;
v0000021135a9e510_84 .array/port v0000021135a9e510, 84;
v0000021135a9e510_85 .array/port v0000021135a9e510, 85;
E_0000021135a852f0/21 .event anyedge, v0000021135a9e510_82, v0000021135a9e510_83, v0000021135a9e510_84, v0000021135a9e510_85;
v0000021135a9e510_86 .array/port v0000021135a9e510, 86;
v0000021135a9e510_87 .array/port v0000021135a9e510, 87;
v0000021135a9e510_88 .array/port v0000021135a9e510, 88;
v0000021135a9e510_89 .array/port v0000021135a9e510, 89;
E_0000021135a852f0/22 .event anyedge, v0000021135a9e510_86, v0000021135a9e510_87, v0000021135a9e510_88, v0000021135a9e510_89;
v0000021135a9e510_90 .array/port v0000021135a9e510, 90;
v0000021135a9e510_91 .array/port v0000021135a9e510, 91;
v0000021135a9e510_92 .array/port v0000021135a9e510, 92;
v0000021135a9e510_93 .array/port v0000021135a9e510, 93;
E_0000021135a852f0/23 .event anyedge, v0000021135a9e510_90, v0000021135a9e510_91, v0000021135a9e510_92, v0000021135a9e510_93;
v0000021135a9e510_94 .array/port v0000021135a9e510, 94;
v0000021135a9e510_95 .array/port v0000021135a9e510, 95;
v0000021135a9e510_96 .array/port v0000021135a9e510, 96;
v0000021135a9e510_97 .array/port v0000021135a9e510, 97;
E_0000021135a852f0/24 .event anyedge, v0000021135a9e510_94, v0000021135a9e510_95, v0000021135a9e510_96, v0000021135a9e510_97;
v0000021135a9e510_98 .array/port v0000021135a9e510, 98;
v0000021135a9e510_99 .array/port v0000021135a9e510, 99;
v0000021135a9e510_100 .array/port v0000021135a9e510, 100;
v0000021135a9e510_101 .array/port v0000021135a9e510, 101;
E_0000021135a852f0/25 .event anyedge, v0000021135a9e510_98, v0000021135a9e510_99, v0000021135a9e510_100, v0000021135a9e510_101;
v0000021135a9e510_102 .array/port v0000021135a9e510, 102;
v0000021135a9e510_103 .array/port v0000021135a9e510, 103;
v0000021135a9e510_104 .array/port v0000021135a9e510, 104;
v0000021135a9e510_105 .array/port v0000021135a9e510, 105;
E_0000021135a852f0/26 .event anyedge, v0000021135a9e510_102, v0000021135a9e510_103, v0000021135a9e510_104, v0000021135a9e510_105;
v0000021135a9e510_106 .array/port v0000021135a9e510, 106;
v0000021135a9e510_107 .array/port v0000021135a9e510, 107;
v0000021135a9e510_108 .array/port v0000021135a9e510, 108;
v0000021135a9e510_109 .array/port v0000021135a9e510, 109;
E_0000021135a852f0/27 .event anyedge, v0000021135a9e510_106, v0000021135a9e510_107, v0000021135a9e510_108, v0000021135a9e510_109;
v0000021135a9e510_110 .array/port v0000021135a9e510, 110;
v0000021135a9e510_111 .array/port v0000021135a9e510, 111;
v0000021135a9e510_112 .array/port v0000021135a9e510, 112;
v0000021135a9e510_113 .array/port v0000021135a9e510, 113;
E_0000021135a852f0/28 .event anyedge, v0000021135a9e510_110, v0000021135a9e510_111, v0000021135a9e510_112, v0000021135a9e510_113;
v0000021135a9e510_114 .array/port v0000021135a9e510, 114;
v0000021135a9e510_115 .array/port v0000021135a9e510, 115;
v0000021135a9e510_116 .array/port v0000021135a9e510, 116;
v0000021135a9e510_117 .array/port v0000021135a9e510, 117;
E_0000021135a852f0/29 .event anyedge, v0000021135a9e510_114, v0000021135a9e510_115, v0000021135a9e510_116, v0000021135a9e510_117;
v0000021135a9e510_118 .array/port v0000021135a9e510, 118;
v0000021135a9e510_119 .array/port v0000021135a9e510, 119;
v0000021135a9e510_120 .array/port v0000021135a9e510, 120;
v0000021135a9e510_121 .array/port v0000021135a9e510, 121;
E_0000021135a852f0/30 .event anyedge, v0000021135a9e510_118, v0000021135a9e510_119, v0000021135a9e510_120, v0000021135a9e510_121;
v0000021135a9e510_122 .array/port v0000021135a9e510, 122;
v0000021135a9e510_123 .array/port v0000021135a9e510, 123;
v0000021135a9e510_124 .array/port v0000021135a9e510, 124;
v0000021135a9e510_125 .array/port v0000021135a9e510, 125;
E_0000021135a852f0/31 .event anyedge, v0000021135a9e510_122, v0000021135a9e510_123, v0000021135a9e510_124, v0000021135a9e510_125;
v0000021135a9e510_126 .array/port v0000021135a9e510, 126;
v0000021135a9e510_127 .array/port v0000021135a9e510, 127;
E_0000021135a852f0/32 .event anyedge, v0000021135a9e510_126, v0000021135a9e510_127;
E_0000021135a852f0 .event/or E_0000021135a852f0/0, E_0000021135a852f0/1, E_0000021135a852f0/2, E_0000021135a852f0/3, E_0000021135a852f0/4, E_0000021135a852f0/5, E_0000021135a852f0/6, E_0000021135a852f0/7, E_0000021135a852f0/8, E_0000021135a852f0/9, E_0000021135a852f0/10, E_0000021135a852f0/11, E_0000021135a852f0/12, E_0000021135a852f0/13, E_0000021135a852f0/14, E_0000021135a852f0/15, E_0000021135a852f0/16, E_0000021135a852f0/17, E_0000021135a852f0/18, E_0000021135a852f0/19, E_0000021135a852f0/20, E_0000021135a852f0/21, E_0000021135a852f0/22, E_0000021135a852f0/23, E_0000021135a852f0/24, E_0000021135a852f0/25, E_0000021135a852f0/26, E_0000021135a852f0/27, E_0000021135a852f0/28, E_0000021135a852f0/29, E_0000021135a852f0/30, E_0000021135a852f0/31, E_0000021135a852f0/32;
E_0000021135a853b0 .event posedge, v0000021135a9ca30_0;
S_00000211355f6cb0 .scope module, "U_PLCPU" "PLCPU" 3 16, 5 2 0, S_000002113560b4b0;
 .timescale -9 -12;
    .port_info 0 /INPUT 1 "clk";
    .port_info 1 /INPUT 1 "reset";
    .port_info 2 /INPUT 32 "inst_in";
    .port_info 3 /INPUT 32 "Data_in";
    .port_info 4 /OUTPUT 32 "PC_out";
    .port_info 5 /OUTPUT 32 "Addr_out";
    .port_info 6 /OUTPUT 32 "Data_out";
    .port_info 7 /OUTPUT 1 "mem_w";
    .port_info 8 /OUTPUT 1 "mem_r";
L_0000021135a7b6b0 .functor BUFZ 1, L_0000021135b5b6e0, C4<0>, C4<0>, C4<0>;
L_0000021135a7b720 .functor BUFZ 1, L_0000021135b5cc20, C4<0>, C4<0>, C4<0>;
L_0000021135a7ba30 .functor BUFZ 32, L_0000021135b5ccc0, C4<00000000000000000000000000000000>, C4<00000000000000000000000000000000>, C4<00000000000000000000000000000000>;
L_0000021135a7c7c0 .functor BUFZ 32, v0000021135b3d1f0_0, C4<00000000000000000000000000000000>, C4<00000000000000000000000000000000>, C4<00000000000000000000000000000000>;
L_0000021135b70e20 .functor NOT 1, v0000021135b2e3d0_0, C4<0>, C4<0>, C4<0>;
L_0000021135b71c90 .functor NOT 1, L_0000021135b71ad0, C4<0>, C4<0>, C4<0>;
L_0000021135b71600 .functor AND 1, L_0000021135b5d800, L_0000021135b5a560, C4<1>, C4<1>;
L_0000021135b71520 .functor AND 1, L_0000021135b71600, L_0000021135b59f20, C4<1>, C4<1>;
L_0000021135b72940 .functor AND 1, L_0000021135b5b820, L_0000021135b593e0, C4<1>, C4<1>;
L_0000021135b71280 .functor AND 1, L_0000021135b72940, L_0000021135b5b1e0, C4<1>, C4<1>;
L_0000021135b71830 .functor AND 1, L_0000021135b5d800, L_0000021135b5a420, C4<1>, C4<1>;
L_0000021135b718a0 .functor AND 1, L_0000021135b71830, L_0000021135b5ae20, C4<1>, C4<1>;
L_0000021135b71590 .functor AND 1, L_0000021135b5b820, L_0000021135b59700, C4<1>, C4<1>;
L_0000021135b711a0 .functor AND 1, L_0000021135b71590, L_0000021135b597a0, C4<1>, C4<1>;
L_0000021135b712f0 .functor BUFZ 32, L_0000021135b5aa60, C4<00000000000000000000000000000000>, C4<00000000000000000000000000000000>, C4<00000000000000000000000000000000>;
L_0000021135b724e0 .functor OR 1, L_0000021135b5aba0, L_0000021135b5a7e0, C4<0>, C4<0>;
L_0000021135b71670 .functor OR 1, L_0000021135b724e0, L_0000021135b59a20, C4<0>, C4<0>;
L_0000021135b716e0 .functor OR 1, L_0000021135b5a380, L_0000021135b59b60, C4<0>, C4<0>;
L_0000021135b713d0 .functor AND 1, L_0000021135b5c540, L_0000021135b716e0, C4<1>, C4<1>;
L_0000021135b71ad0 .functor AND 1, L_0000021135b713d0, L_0000021135b59c00, C4<1>, C4<1>;
L_0000021135b72390 .functor BUFZ 32, v0000021135a9ef10_0, C4<00000000000000000000000000000000>, C4<00000000000000000000000000000000>, C4<00000000000000000000000000000000>;
L_0000021135b727f0 .functor BUFZ 32, L_0000021135b73200, C4<00000000000000000000000000000000>, C4<00000000000000000000000000000000>, C4<00000000000000000000000000000000>;
L_0000021135b70db0 .functor NOT 1, v0000021135b2e3d0_0, C4<0>, C4<0>, C4<0>;
L_0000021135b71b40 .functor NOT 1, L_0000021135b71ad0, C4<0>, C4<0>, C4<0>;
L_0000021135b71910 .functor BUFZ 5, L_0000021135b2dd90, C4<00000>, C4<00000>, C4<00000>;
L_0000021135b71bb0 .functor BUFZ 5, L_0000021135b2f7d0, C4<00000>, C4<00000>, C4<00000>;
L_0000021135b71e50 .functor BUFZ 5, L_0000021135b2fc30, C4<00000>, C4<00000>, C4<00000>;
L_0000021135b71130 .functor BUFZ 32, v0000021135a9cdf0_0, C4<00000000000000000000000000000000>, C4<00000000000000000000000000000000>, C4<00000000000000000000000000000000>;
L_0000021135b71ec0 .functor BUFZ 32, L_0000021135b59ac0, C4<00000000000000000000000000000000>, C4<00000000000000000000000000000000>, C4<00000000000000000000000000000000>;
L_0000021135b71050 .functor BUFZ 32, L_0000021135b5a880, C4<00000000000000000000000000000000>, C4<00000000000000000000000000000000>, C4<00000000000000000000000000000000>;
L_0000021135b71360 .functor BUFZ 1, L_0000021135b61730, C4<0>, C4<0>, C4<0>;
L_0000021135b71f30 .functor BUFZ 1, L_0000021135b617a0, C4<0>, C4<0>, C4<0>;
L_0000021135b71fa0 .functor BUFZ 5, L_0000021135b58e40, C4<00000>, C4<00000>, C4<00000>;
L_0000021135b71440 .functor BUFZ 5, L_0000021135b59e80, C4<00000>, C4<00000>, C4<00000>;
L_0000021135b72010 .functor BUFZ 1, L_0000021135b62fb0, C4<0>, C4<0>, C4<0>;
L_0000021135b72240 .functor BUFZ 2, L_0000021135b5a100, C4<00>, C4<00>, C4<00>;
L_0000021135b721d0 .functor BUFZ 1, L_0000021135b61650, C4<0>, C4<0>, C4<0>;
L_0000021135b72080 .functor AND 1, L_0000021135b5c180, L_0000021135b71de0, C4<1>, C4<1>;
L_0000021135b720f0 .functor NOT 1, v0000021135b2e3d0_0, C4<0>, C4<0>, C4<0>;
L_0000021135b72160 .functor BUFZ 5, L_0000021135b5a4c0, C4<00000>, C4<00000>, C4<00000>;
L_0000021135b72630 .functor BUFZ 32, L_0000021135b5b140, C4<00000000000000000000000000000000>, C4<00000000000000000000000000000000>, C4<00000000000000000000000000000000>;
L_0000021135b70f00 .functor BUFZ 32, v0000021135aa0a90_0, C4<00000000000000000000000000000000>, C4<00000000000000000000000000000000>, C4<00000000000000000000000000000000>;
L_0000021135b72400 .functor BUFZ 1, L_0000021135b5bdc0, C4<0>, C4<0>, C4<0>;
L_0000021135b72470 .functor BUFZ 1, L_0000021135b5bb40, C4<0>, C4<0>, C4<0>;
L_0000021135b72550 .functor BUFZ 2, L_0000021135b5b320, C4<00>, C4<00>, C4<00>;
L_0000021135b725c0 .functor BUFZ 5, L_0000021135b5b460, C4<00000>, C4<00000>, C4<00000>;
L_0000021135b70f70 .functor BUFZ 1, L_0000021135b5c540, C4<0>, C4<0>, C4<0>;
L_0000021135b70fe0 .functor NOT 1, v0000021135b2e3d0_0, C4<0>, C4<0>, C4<0>;
L_0000021135b72c50 .functor BUFZ 5, L_0000021135b5bd20, C4<00000>, C4<00000>, C4<00000>;
L_0000021135b73820 .functor BUFZ 32, L_0000021135b5ccc0, C4<00000000000000000000000000000000>, C4<00000000000000000000000000000000>, C4<00000000000000000000000000000000>;
L_0000021135b73b30 .functor BUFZ 32, v0000021135a9e970_0, C4<00000000000000000000000000000000>, C4<00000000000000000000000000000000>, C4<00000000000000000000000000000000>;
L_0000021135b736d0 .functor BUFZ 1, L_0000021135b5d800, C4<0>, C4<0>, C4<0>;
L_0000021135b72e10 .functor BUFZ 2, L_0000021135b5c360, C4<00>, C4<00>, C4<00>;
L_0000021135b732e0 .functor NOT 1, v0000021135b2e3d0_0, C4<0>, C4<0>, C4<0>;
v0000021135b360d0_0 .net "A", 31 0, L_0000021135b712f0;  1 drivers
v0000021135b35ef0_0 .net "ALUOp", 4 0, L_0000021135b58e40;  1 drivers
v0000021135b37430_0 .net "ALUSrc", 0 0, L_0000021135b62fb0;  1 drivers
v0000021135b376b0_0 .net "Addr_out", 31 0, L_0000021135a7ba30;  alias, 1 drivers
v0000021135b36d50_0 .net "B", 31 0, L_0000021135b5ab00;  1 drivers
v0000021135b37070_0 .net "Branch", 0 0, L_0000021135b71de0;  1 drivers
v0000021135b36490_0 .net "Data_in", 31 0, v0000021135a9e970_0;  alias, 1 drivers
v0000021135b35450_0 .net "Data_out", 31 0, L_0000021135a7c7c0;  alias, 1 drivers
v0000021135b36df0_0 .net "EXTOp", 5 0, L_0000021135b5a9c0;  1 drivers
v0000021135b36cb0_0 .net "EX_ALUOp", 4 0, L_0000021135b5baa0;  1 drivers
v0000021135b36670_0 .net "EX_ALUSrc", 0 0, L_0000021135b5d120;  1 drivers
v0000021135b37750_0 .net "EX_DMType", 0 0, L_0000021135b5cf40;  1 drivers
v0000021135b35a90_0 .net "EX_MEM_in", 145 0, L_0000021135b5cae0;  1 drivers
v0000021135b36850_0 .net "EX_MEM_out", 145 0, v0000021135a9d9d0_0;  1 drivers
v0000021135b36ad0_0 .net "EX_MemRead", 0 0, L_0000021135b5c540;  1 drivers
v0000021135b377f0_0 .net "EX_MemWrite", 0 0, L_0000021135b5bb40;  1 drivers
v0000021135b379d0_0 .net "EX_NPCOp", 4 0, L_0000021135b5d620;  1 drivers
v0000021135b36350_0 .net "EX_RD1", 31 0, L_0000021135b5c0e0;  1 drivers
v0000021135b37930_0 .net "EX_RD2", 31 0, L_0000021135b5b780;  1 drivers
v0000021135b35770_0 .net "EX_RegWrite", 0 0, L_0000021135b5bdc0;  1 drivers
v0000021135b368f0_0 .net "EX_WDSel", 1 0, L_0000021135b5b320;  1 drivers
v0000021135b36990_0 .net "EX_immout", 31 0, L_0000021135b5ca40;  1 drivers
v0000021135b353b0_0 .net "EX_pc", 31 0, L_0000021135b5b500;  1 drivers
v0000021135b36170_0 .net "EX_rd", 4 0, L_0000021135b5a4c0;  1 drivers
v0000021135b35270_0 .net "EX_rs1", 4 0, L_0000021135b58c60;  1 drivers
v0000021135b35810_0 .net "EX_rs2", 4 0, L_0000021135b5b460;  1 drivers
v0000021135b36a30_0 .net "Funct3", 2 0, L_0000021135b2e330;  1 drivers
v0000021135b362b0_0 .net "Funct7", 6 0, L_0000021135b2e150;  1 drivers
v0000021135b354f0_0 .net "ID_EX_in", 193 0, L_0000021135b5a1a0;  1 drivers
v0000021135b358b0_0 .net "ID_EX_out", 193 0, v0000021135a9c530_0;  1 drivers
v0000021135b36e90_0 .net "ID_MemRead", 0 0, L_0000021135b61650;  1 drivers
v0000021135b35b30_0 .net "ID_MemWrite", 0 0, L_0000021135b617a0;  1 drivers
v0000021135b36b70_0 .net "IF_ID_in", 63 0, L_0000021135b5aec0;  1 drivers
v0000021135b36f30_0 .net "IF_ID_out", 63 0, v0000021135a9da70_0;  1 drivers
v0000021135b35bd0_0 .net "IMM", 19 0, L_0000021135b30130;  1 drivers
v0000021135b35f90_0 .net "Imm12", 11 0, L_0000021135b2e650;  1 drivers
v0000021135b37890_0 .net "Less", 0 0, L_0000021135b5b280;  1 drivers
v0000021135b37110_0 .net "MEM_DMType", 0 0, L_0000021135b5c5e0;  1 drivers
v0000021135b37250_0 .net "MEM_MemRead", 0 0, L_0000021135b5cc20;  1 drivers
v0000021135b372f0_0 .net "MEM_MemWrite", 0 0, L_0000021135b5b6e0;  1 drivers
v0000021135b37390_0 .net "MEM_RD2", 31 0, L_0000021135b5b5a0;  1 drivers
v0000021135b374d0_0 .net "MEM_RegWrite", 0 0, L_0000021135b5d800;  1 drivers
v0000021135b35d10_0 .net "MEM_WB_in", 135 0, L_0000021135b5b640;  1 drivers
v0000021135b35db0_0 .net "MEM_WB_out", 135 0, v0000021135a9dc50_0;  1 drivers
v0000021135b381f0_0 .net "MEM_WDSel", 1 0, L_0000021135b5c360;  1 drivers
v0000021135b38dd0_0 .net "MEM_aluout", 31 0, L_0000021135b5ccc0;  1 drivers
v0000021135b38650_0 .net "MEM_rd", 4 0, L_0000021135b5bd20;  1 drivers
v0000021135b38010_0 .net "MEM_rs2", 4 0, L_0000021135b5c040;  1 drivers
v0000021135b385b0_0 .net "NPC", 31 0, v0000021135a9e790_0;  1 drivers
v0000021135b39190_0 .net "NPCOp", 4 0, L_0000021135b59e80;  1 drivers
v0000021135b3a1d0_0 .net "Op", 6 0, L_0000021135b2dc50;  1 drivers
v0000021135b39230_0 .net "PC_out", 31 0, v0000021135a9ef10_0;  alias, 1 drivers
v0000021135b39f50_0 .net "RD1", 31 0, L_0000021135b59ac0;  1 drivers
v0000021135b390f0_0 .net "RD2", 31 0, L_0000021135b5a880;  1 drivers
v0000021135b39910_0 .net "RegWrite", 0 0, L_0000021135b61730;  1 drivers
v0000021135b386f0_0 .net "WB_MemData", 31 0, L_0000021135b5c680;  1 drivers
v0000021135b38d30_0 .net "WB_RegWrite", 0 0, L_0000021135b5b820;  1 drivers
v0000021135b39af0_0 .net "WB_WDSel", 1 0, L_0000021135b5c720;  1 drivers
v0000021135b380b0_0 .net "WB_aluout", 31 0, L_0000021135b5da80;  1 drivers
v0000021135b38470_0 .net "WB_inst", 31 0, L_0000021135b5b960;  1 drivers
v0000021135b38510_0 .net "WB_pc", 31 0, L_0000021135b5b8c0;  1 drivers
v0000021135b38830_0 .net "WB_rd", 4 0, L_0000021135b5d080;  1 drivers
v0000021135b388d0_0 .var "WD", 31 0;
v0000021135b38790_0 .net "WDSel", 1 0, L_0000021135b5a100;  1 drivers
v0000021135b38290_0 .net "Zero", 0 0, L_0000021135b5b0a0;  1 drivers
v0000021135b38330_0 .net *"_ivl_101", 0 0, L_0000021135b71830;  1 drivers
v0000021135b38b50_0 .net *"_ivl_102", 0 0, L_0000021135b5ae20;  1 drivers
v0000021135b38970_0 .net *"_ivl_105", 0 0, L_0000021135b718a0;  1 drivers
v0000021135b38a10_0 .net *"_ivl_106", 31 0, L_0000021135b595c0;  1 drivers
L_0000021135bb0790 .functor BUFT 1, C4<000000000000000000000000000>, C4<0>, C4<0>, C4<0>;
v0000021135b38e70_0 .net *"_ivl_109", 26 0, L_0000021135bb0790;  1 drivers
L_0000021135bb07d8 .functor BUFT 1, C4<00000000000000000000000000000000>, C4<0>, C4<0>, C4<0>;
v0000021135b37cf0_0 .net/2u *"_ivl_110", 31 0, L_0000021135bb07d8;  1 drivers
v0000021135b37e30_0 .net *"_ivl_112", 0 0, L_0000021135b59700;  1 drivers
v0000021135b38f10_0 .net *"_ivl_115", 0 0, L_0000021135b71590;  1 drivers
v0000021135b392d0_0 .net *"_ivl_116", 0 0, L_0000021135b597a0;  1 drivers
v0000021135b38bf0_0 .net *"_ivl_119", 0 0, L_0000021135b711a0;  1 drivers
v0000021135b39e10_0 .net *"_ivl_120", 31 0, L_0000021135b5a2e0;  1 drivers
L_0000021135bb0820 .functor BUFT 1, C4<00001>, C4<0>, C4<0>, C4<0>;
v0000021135b397d0_0 .net/2u *"_ivl_128", 4 0, L_0000021135bb0820;  1 drivers
v0000021135b39050_0 .net *"_ivl_13", 6 0, L_0000021135b2da70;  1 drivers
v0000021135b38fb0_0 .net *"_ivl_130", 0 0, L_0000021135b5aba0;  1 drivers
L_0000021135bb0868 .functor BUFT 1, C4<00010>, C4<0>, C4<0>, C4<0>;
v0000021135b37b10_0 .net/2u *"_ivl_132", 4 0, L_0000021135bb0868;  1 drivers
v0000021135b3a130_0 .net *"_ivl_134", 0 0, L_0000021135b5a7e0;  1 drivers
v0000021135b39370_0 .net *"_ivl_137", 0 0, L_0000021135b724e0;  1 drivers
L_0000021135bb08b0 .functor BUFT 1, C4<00100>, C4<0>, C4<0>, C4<0>;
v0000021135b37a70_0 .net/2u *"_ivl_138", 4 0, L_0000021135bb08b0;  1 drivers
v0000021135b37d90_0 .net *"_ivl_140", 0 0, L_0000021135b59a20;  1 drivers
v0000021135b394b0_0 .net *"_ivl_144", 0 0, L_0000021135b5a380;  1 drivers
v0000021135b39550_0 .net *"_ivl_146", 0 0, L_0000021135b59b60;  1 drivers
v0000021135b38ab0_0 .net *"_ivl_149", 0 0, L_0000021135b716e0;  1 drivers
v0000021135b399b0_0 .net *"_ivl_15", 4 0, L_0000021135b2e8d0;  1 drivers
v0000021135b38c90_0 .net *"_ivl_151", 0 0, L_0000021135b713d0;  1 drivers
v0000021135b39b90_0 .net *"_ivl_152", 31 0, L_0000021135b5af60;  1 drivers
L_0000021135bb08f8 .functor BUFT 1, C4<000000000000000000000000000>, C4<0>, C4<0>, C4<0>;
v0000021135b37bb0_0 .net *"_ivl_155", 26 0, L_0000021135bb08f8;  1 drivers
L_0000021135bb0940 .functor BUFT 1, C4<00000000000000000000000000000000>, C4<0>, C4<0>, C4<0>;
v0000021135b39410_0 .net/2u *"_ivl_156", 31 0, L_0000021135bb0940;  1 drivers
v0000021135b395f0_0 .net *"_ivl_158", 0 0, L_0000021135b59c00;  1 drivers
v0000021135b39690_0 .net *"_ivl_165", 31 0, L_0000021135b72390;  1 drivers
v0000021135b37ed0_0 .net *"_ivl_170", 31 0, L_0000021135b727f0;  1 drivers
v0000021135b39d70_0 .net *"_ivl_180", 31 0, L_0000021135b5a060;  1 drivers
v0000021135b39730_0 .net *"_ivl_184", 4 0, L_0000021135b71910;  1 drivers
v0000021135b39870_0 .net *"_ivl_188", 4 0, L_0000021135b71bb0;  1 drivers
v0000021135b39a50_0 .net *"_ivl_19", 0 0, L_0000021135b2efb0;  1 drivers
v0000021135b39c30_0 .net *"_ivl_192", 4 0, L_0000021135b71e50;  1 drivers
v0000021135b37f70_0 .net *"_ivl_196", 31 0, L_0000021135b71130;  1 drivers
v0000021135b38150_0 .net *"_ivl_200", 31 0, L_0000021135b71ec0;  1 drivers
v0000021135b39cd0_0 .net *"_ivl_204", 31 0, L_0000021135b71050;  1 drivers
v0000021135b383d0_0 .net *"_ivl_208", 0 0, L_0000021135b71360;  1 drivers
v0000021135b39eb0_0 .net *"_ivl_21", 0 0, L_0000021135b2db10;  1 drivers
v0000021135b39ff0_0 .net *"_ivl_212", 0 0, L_0000021135b71f30;  1 drivers
v0000021135b3a090_0 .net *"_ivl_216", 4 0, L_0000021135b71fa0;  1 drivers
v0000021135b37c50_0 .net *"_ivl_220", 4 0, L_0000021135b71440;  1 drivers
v0000021135b3bf30_0 .net *"_ivl_224", 0 0, L_0000021135b72010;  1 drivers
L_0000021135bb0988 .functor BUFT 1, C4<000>, C4<0>, C4<0>, C4<0>;
v0000021135b3b3f0_0 .net/2u *"_ivl_227", 2 0, L_0000021135bb0988;  1 drivers
v0000021135b3a950_0 .net *"_ivl_23", 5 0, L_0000021135b2df70;  1 drivers
v0000021135b3c9d0_0 .net *"_ivl_232", 1 0, L_0000021135b72240;  1 drivers
v0000021135b3b030_0 .net *"_ivl_236", 0 0, L_0000021135b721d0;  1 drivers
v0000021135b3a270_0 .net *"_ivl_241", 31 0, L_0000021135b58b20;  1 drivers
v0000021135b3c2f0_0 .net *"_ivl_25", 3 0, L_0000021135b2f190;  1 drivers
v0000021135b3a810_0 .net *"_ivl_261", 3 0, L_0000021135b5c400;  1 drivers
v0000021135b3ac70_0 .net *"_ivl_263", 0 0, L_0000021135b5c180;  1 drivers
v0000021135b3ad10_0 .net *"_ivl_264", 0 0, L_0000021135b72080;  1 drivers
v0000021135b3b0d0_0 .net *"_ivl_271", 2 0, L_0000021135b5d9e0;  1 drivers
L_0000021135bb09d0 .functor BUFT 1, C4<00000000000000000000000000000001>, C4<0>, C4<0>, C4<0>;
v0000021135b3b170_0 .net/2s *"_ivl_282", 31 0, L_0000021135bb09d0;  1 drivers
L_0000021135bb0a18 .functor BUFT 1, C4<00000000000000000000000000000000000000000000000000000000000000000000000000000000000000000000000000000000000000000000000000000000000000000000000000000000000000000000000000000000000000000000000000>, C4<0>, C4<0>, C4<0>;
v0000021135b3adb0_0 .net/2u *"_ivl_286", 193 0, L_0000021135bb0a18;  1 drivers
v0000021135b3aa90_0 .net *"_ivl_293", 31 0, L_0000021135b5d3a0;  1 drivers
v0000021135b3ba30_0 .net *"_ivl_297", 4 0, L_0000021135b72160;  1 drivers
v0000021135b3b210_0 .net *"_ivl_301", 31 0, L_0000021135b72630;  1 drivers
v0000021135b3af90_0 .net *"_ivl_305", 31 0, L_0000021135b70f00;  1 drivers
v0000021135b3c570_0 .net *"_ivl_309", 0 0, L_0000021135b72400;  1 drivers
v0000021135b3ab30_0 .net *"_ivl_31", 0 0, L_0000021135b2ec90;  1 drivers
v0000021135b3c930_0 .net *"_ivl_313", 0 0, L_0000021135b72470;  1 drivers
v0000021135b3b990_0 .net *"_ivl_316", 2 0, L_0000021135b5cfe0;  1 drivers
L_0000021135bb0a60 .functor BUFT 1, C4<00>, C4<0>, C4<0>, C4<0>;
v0000021135b3b2b0_0 .net *"_ivl_319", 1 0, L_0000021135bb0a60;  1 drivers
v0000021135b3a310_0 .net *"_ivl_323", 1 0, L_0000021135b72550;  1 drivers
v0000021135b3a9f0_0 .net *"_ivl_327", 4 0, L_0000021135b725c0;  1 drivers
v0000021135b3abd0_0 .net *"_ivl_33", 7 0, L_0000021135b2edd0;  1 drivers
v0000021135b3bfd0_0 .net *"_ivl_331", 0 0, L_0000021135b70f70;  1 drivers
v0000021135b3c430_0 .net *"_ivl_336", 31 0, L_0000021135b5bc80;  1 drivers
v0000021135b3a3b0_0 .net *"_ivl_348", 2 0, L_0000021135b5c4a0;  1 drivers
v0000021135b3b5d0_0 .net *"_ivl_35", 0 0, L_0000021135b2fe10;  1 drivers
L_0000021135bb0aa8 .functor BUFT 1, C4<00000000000000000000000000000000>, C4<0>, C4<0>, C4<0>;
v0000021135b3c610_0 .net/2s *"_ivl_359", 31 0, L_0000021135bb0aa8;  1 drivers
L_0000021135bb0af0 .functor BUFT 1, C4<00000000000000000000000000000001>, C4<0>, C4<0>, C4<0>;
v0000021135b3c750_0 .net/2s *"_ivl_363", 31 0, L_0000021135bb0af0;  1 drivers
v0000021135b3b670_0 .net *"_ivl_37", 9 0, L_0000021135b2f870;  1 drivers
v0000021135b3b350_0 .net *"_ivl_370", 31 0, L_0000021135b5d1c0;  1 drivers
v0000021135b3a450_0 .net *"_ivl_374", 4 0, L_0000021135b72c50;  1 drivers
v0000021135b3a4f0_0 .net *"_ivl_378", 31 0, L_0000021135b73820;  1 drivers
v0000021135b3ae50_0 .net *"_ivl_382", 31 0, L_0000021135b73b30;  1 drivers
v0000021135b3c6b0_0 .net *"_ivl_386", 0 0, L_0000021135b736d0;  1 drivers
v0000021135b3aef0_0 .net *"_ivl_390", 1 0, L_0000021135b72e10;  1 drivers
v0000021135b3c7f0_0 .net *"_ivl_395", 31 0, L_0000021135b5c900;  1 drivers
L_0000021135bb0b38 .functor BUFT 1, C4<00000000000000000000000000000000>, C4<0>, C4<0>, C4<0>;
v0000021135b3b490_0 .net/2s *"_ivl_412", 31 0, L_0000021135bb0b38;  1 drivers
L_0000021135bb0b80 .functor BUFT 1, C4<00000000000000000000000000000001>, C4<0>, C4<0>, C4<0>;
v0000021135b3c890_0 .net/2s *"_ivl_416", 31 0, L_0000021135bb0b80;  1 drivers
v0000021135b3b530_0 .net *"_ivl_60", 31 0, L_0000021135b58ee0;  1 drivers
L_0000021135bb05e0 .functor BUFT 1, C4<000000000000000000000000000>, C4<0>, C4<0>, C4<0>;
v0000021135b3a590_0 .net *"_ivl_63", 26 0, L_0000021135bb05e0;  1 drivers
L_0000021135bb0628 .functor BUFT 1, C4<00000000000000000000000000000000>, C4<0>, C4<0>, C4<0>;
v0000021135b3a630_0 .net/2u *"_ivl_64", 31 0, L_0000021135bb0628;  1 drivers
v0000021135b3b710_0 .net *"_ivl_66", 0 0, L_0000021135b5a560;  1 drivers
v0000021135b3b7b0_0 .net *"_ivl_69", 0 0, L_0000021135b71600;  1 drivers
v0000021135b3a6d0_0 .net *"_ivl_70", 0 0, L_0000021135b59f20;  1 drivers
v0000021135b3bc10_0 .net *"_ivl_73", 0 0, L_0000021135b71520;  1 drivers
v0000021135b3b850_0 .net *"_ivl_74", 31 0, L_0000021135b5ad80;  1 drivers
L_0000021135bb0670 .functor BUFT 1, C4<000000000000000000000000000>, C4<0>, C4<0>, C4<0>;
v0000021135b3bcb0_0 .net *"_ivl_77", 26 0, L_0000021135bb0670;  1 drivers
L_0000021135bb06b8 .functor BUFT 1, C4<00000000000000000000000000000000>, C4<0>, C4<0>, C4<0>;
v0000021135b3b8f0_0 .net/2u *"_ivl_78", 31 0, L_0000021135bb06b8;  1 drivers
v0000021135b3a770_0 .net *"_ivl_80", 0 0, L_0000021135b593e0;  1 drivers
v0000021135b3bad0_0 .net *"_ivl_83", 0 0, L_0000021135b72940;  1 drivers
v0000021135b3bb70_0 .net *"_ivl_84", 0 0, L_0000021135b5b1e0;  1 drivers
v0000021135b3bd50_0 .net *"_ivl_87", 0 0, L_0000021135b71280;  1 drivers
v0000021135b3bdf0_0 .net *"_ivl_88", 31 0, L_0000021135b5a600;  1 drivers
v0000021135b3a8b0_0 .net *"_ivl_92", 31 0, L_0000021135b58bc0;  1 drivers
L_0000021135bb0700 .functor BUFT 1, C4<000000000000000000000000000>, C4<0>, C4<0>, C4<0>;
v0000021135b3be90_0 .net *"_ivl_95", 26 0, L_0000021135bb0700;  1 drivers
L_0000021135bb0748 .functor BUFT 1, C4<00000000000000000000000000000000>, C4<0>, C4<0>, C4<0>;
v0000021135b3c070_0 .net/2u *"_ivl_96", 31 0, L_0000021135bb0748;  1 drivers
v0000021135b3c110_0 .net *"_ivl_98", 0 0, L_0000021135b5a420;  1 drivers
v0000021135b3c1b0_0 .net "alu_in1", 31 0, L_0000021135b5aa60;  1 drivers
v0000021135b3c250_0 .net "alu_in2", 31 0, L_0000021135b5b140;  1 drivers
v0000021135b3c390_0 .net "aluout", 31 0, v0000021135aa0a90_0;  1 drivers
v0000021135b3c4d0_0 .net "bimm", 11 0, L_0000021135b2feb0;  1 drivers
v0000021135b3cf70_0 .net "clk", 0 0, v0000021135b2e3d0_0;  alias, 1 drivers
v0000021135b3ca70_0 .net "flush", 0 0, L_0000021135b71670;  1 drivers
v0000021135b3ced0_0 .net "iimm", 11 0, L_0000021135b2ff50;  1 drivers
v0000021135b3d830_0 .net "iimm_shamt", 4 0, L_0000021135b30090;  1 drivers
v0000021135b3d010_0 .net "immout", 31 0, v0000021135a9cdf0_0;  1 drivers
v0000021135b3d8d0_0 .net "inst_in", 31 0, L_0000021135b73200;  alias, 1 drivers
v0000021135b3d0b0_0 .net "instr", 31 0, L_0000021135b5a6a0;  1 drivers
v0000021135b3cb10_0 .net "jimm", 19 0, L_0000021135b2ee70;  1 drivers
v0000021135b3cc50_0 .net "mem_r", 0 0, L_0000021135a7b720;  alias, 1 drivers
v0000021135b3d650_0 .net "mem_w", 0 0, L_0000021135a7b6b0;  alias, 1 drivers
v0000021135b3d1f0_0 .var "memdata_wr", 31 0;
v0000021135b3ccf0_0 .net "rd", 4 0, L_0000021135b2dd90;  1 drivers
v0000021135b3d5b0_0 .net "reset", 0 0, L_0000021135a7b8e0;  alias, 1 drivers
v0000021135b3d3d0_0 .net "rs1", 4 0, L_0000021135b2f7d0;  1 drivers
v0000021135b3d510_0 .net "rs2", 4 0, L_0000021135b2fc30;  1 drivers
v0000021135b3d290_0 .net "simm", 11 0, L_0000021135b2ed30;  1 drivers
v0000021135b3cd90_0 .net "stall", 0 0, L_0000021135b71ad0;  1 drivers
v0000021135b3d150_0 .net "uimm", 19 0, L_0000021135b2ebf0;  1 drivers
E_0000021135a85030/0 .event anyedge, v0000021135aa0770_0, v0000021135a9fd70_0, v0000021135b38010_0, v0000021135aa0270_0;
E_0000021135a85030/1 .event anyedge, v0000021135b37390_0;
E_0000021135a85030 .event/or E_0000021135a85030/0, E_0000021135a85030/1;
E_0000021135a85d30 .event anyedge, v0000021135b39af0_0, v0000021135b380b0_0, v0000021135b386f0_0, v0000021135b38510_0;
L_0000021135b30090 .part L_0000021135b5a6a0, 20, 5;
L_0000021135b2ff50 .part L_0000021135b5a6a0, 20, 12;
L_0000021135b2da70 .part L_0000021135b5a6a0, 25, 7;
L_0000021135b2e8d0 .part L_0000021135b5a6a0, 7, 5;
L_0000021135b2ed30 .concat [ 5 7 0 0], L_0000021135b2e8d0, L_0000021135b2da70;
L_0000021135b2efb0 .part L_0000021135b5a6a0, 31, 1;
L_0000021135b2db10 .part L_0000021135b5a6a0, 7, 1;
L_0000021135b2df70 .part L_0000021135b5a6a0, 25, 6;
L_0000021135b2f190 .part L_0000021135b5a6a0, 8, 4;
L_0000021135b2feb0 .concat [ 4 6 1 1], L_0000021135b2f190, L_0000021135b2df70, L_0000021135b2db10, L_0000021135b2efb0;
L_0000021135b2ebf0 .part L_0000021135b5a6a0, 12, 20;
L_0000021135b2ec90 .part L_0000021135b5a6a0, 31, 1;
L_0000021135b2edd0 .part L_0000021135b5a6a0, 12, 8;
L_0000021135b2fe10 .part L_0000021135b5a6a0, 20, 1;
L_0000021135b2f870 .part L_0000021135b5a6a0, 21, 10;
L_0000021135b2ee70 .concat [ 10 1 8 1], L_0000021135b2f870, L_0000021135b2fe10, L_0000021135b2edd0, L_0000021135b2ec90;
L_0000021135b2dc50 .part L_0000021135b5a6a0, 0, 7;
L_0000021135b2e150 .part L_0000021135b5a6a0, 25, 7;
L_0000021135b2e330 .part L_0000021135b5a6a0, 12, 3;
L_0000021135b2f7d0 .part L_0000021135b5a6a0, 15, 5;
L_0000021135b2fc30 .part L_0000021135b5a6a0, 20, 5;
L_0000021135b2dd90 .part L_0000021135b5a6a0, 7, 5;
L_0000021135b2e650 .part L_0000021135b5a6a0, 20, 12;
L_0000021135b30130 .part L_0000021135b5a6a0, 12, 20;
L_0000021135b58ee0 .concat [ 5 27 0 0], L_0000021135b5bd20, L_0000021135bb05e0;
L_0000021135b5a560 .cmp/ne 32, L_0000021135b58ee0, L_0000021135bb0628;
L_0000021135b59f20 .cmp/eq 5, L_0000021135b5bd20, L_0000021135b58c60;
L_0000021135b5ad80 .concat [ 5 27 0 0], L_0000021135b5d080, L_0000021135bb0670;
L_0000021135b593e0 .cmp/ne 32, L_0000021135b5ad80, L_0000021135bb06b8;
L_0000021135b5b1e0 .cmp/eq 5, L_0000021135b5d080, L_0000021135b58c60;
L_0000021135b5a600 .functor MUXZ 32, L_0000021135b5c0e0, v0000021135b388d0_0, L_0000021135b71280, C4<>;
L_0000021135b5aa60 .functor MUXZ 32, L_0000021135b5a600, L_0000021135b5ccc0, L_0000021135b71520, C4<>;
L_0000021135b58bc0 .concat [ 5 27 0 0], L_0000021135b5bd20, L_0000021135bb0700;
L_0000021135b5a420 .cmp/ne 32, L_0000021135b58bc0, L_0000021135bb0748;
L_0000021135b5ae20 .cmp/eq 5, L_0000021135b5bd20, L_0000021135b5b460;
L_0000021135b595c0 .concat [ 5 27 0 0], L_0000021135b5d080, L_0000021135bb0790;
L_0000021135b59700 .cmp/ne 32, L_0000021135b595c0, L_0000021135bb07d8;
L_0000021135b597a0 .cmp/eq 5, L_0000021135b5d080, L_0000021135b5b460;
L_0000021135b5a2e0 .functor MUXZ 32, L_0000021135b5b780, v0000021135b388d0_0, L_0000021135b711a0, C4<>;
L_0000021135b5b140 .functor MUXZ 32, L_0000021135b5a2e0, L_0000021135b5ccc0, L_0000021135b718a0, C4<>;
L_0000021135b5ab00 .functor MUXZ 32, L_0000021135b5b140, L_0000021135b5ca40, L_0000021135b5d120, C4<>;
L_0000021135b5aba0 .cmp/eq 5, L_0000021135b5d620, L_0000021135bb0820;
L_0000021135b5a7e0 .cmp/eq 5, L_0000021135b5d620, L_0000021135bb0868;
L_0000021135b59a20 .cmp/eq 5, L_0000021135b5d620, L_0000021135bb08b0;
L_0000021135b5a380 .cmp/eq 5, L_0000021135b2f7d0, L_0000021135b5a4c0;
L_0000021135b59b60 .cmp/eq 5, L_0000021135b2fc30, L_0000021135b5a4c0;
L_0000021135b5af60 .concat [ 5 27 0 0], L_0000021135b5a4c0, L_0000021135bb08f8;
L_0000021135b59c00 .cmp/ne 32, L_0000021135b5af60, L_0000021135bb0940;
L_0000021135b5aec0 .concat8 [ 32 32 0 0], L_0000021135b72390, L_0000021135b727f0;
L_0000021135b5a6a0 .part v0000021135a9da70_0, 32, 32;
L_0000021135b5a060 .part v0000021135a9da70_0, 0, 32;
LS_0000021135b5a1a0_0_0 .concat8 [ 32 5 5 5], L_0000021135b5a060, L_0000021135b71910, L_0000021135b71bb0, L_0000021135b71e50;
LS_0000021135b5a1a0_0_4 .concat8 [ 32 32 32 1], L_0000021135b71130, L_0000021135b71ec0, L_0000021135b71050, L_0000021135b71360;
LS_0000021135b5a1a0_0_8 .concat8 [ 1 5 5 1], L_0000021135b71f30, L_0000021135b71fa0, L_0000021135b71440, L_0000021135b72010;
LS_0000021135b5a1a0_0_12 .concat8 [ 3 2 1 32], L_0000021135bb0988, L_0000021135b72240, L_0000021135b721d0, L_0000021135b58b20;
L_0000021135b5a1a0 .concat8 [ 47 97 12 38], LS_0000021135b5a1a0_0_0, LS_0000021135b5a1a0_0_4, LS_0000021135b5a1a0_0_8, LS_0000021135b5a1a0_0_12;
L_0000021135b58b20 .part v0000021135a9da70_0, 32, 32;
L_0000021135b5a4c0 .part v0000021135a9c530_0, 32, 5;
L_0000021135b58c60 .part v0000021135a9c530_0, 37, 5;
L_0000021135b5b460 .part v0000021135a9c530_0, 42, 5;
L_0000021135b5ca40 .part v0000021135a9c530_0, 47, 32;
L_0000021135b5c0e0 .part v0000021135a9c530_0, 79, 32;
L_0000021135b5b780 .part v0000021135a9c530_0, 111, 32;
L_0000021135b5bdc0 .part v0000021135a9c530_0, 143, 1;
L_0000021135b5bb40 .part v0000021135a9c530_0, 144, 1;
L_0000021135b5baa0 .part v0000021135a9c530_0, 145, 5;
L_0000021135b5c400 .part v0000021135a9c530_0, 151, 4;
L_0000021135b5c180 .part v0000021135a9c530_0, 150, 1;
L_0000021135b5d620 .concat [ 1 4 0 0], L_0000021135b72080, L_0000021135b5c400;
L_0000021135b5d120 .part v0000021135a9c530_0, 155, 1;
L_0000021135b5d9e0 .part v0000021135a9c530_0, 156, 3;
L_0000021135b5cf40 .part L_0000021135b5d9e0, 0, 1;
L_0000021135b5b320 .part v0000021135a9c530_0, 159, 2;
L_0000021135b5c540 .part v0000021135a9c530_0, 161, 1;
L_0000021135b5b500 .part v0000021135a9c530_0, 0, 32;
L_0000021135b5bbe0 .part L_0000021135bb09d0, 0, 1;
L_0000021135b5d260 .functor MUXZ 194, L_0000021135b5a1a0, L_0000021135bb0a18, L_0000021135b71ad0, C4<>;
L_0000021135b5d3a0 .part v0000021135a9c530_0, 0, 32;
L_0000021135b5cfe0 .concat [ 1 2 0 0], L_0000021135b5cf40, L_0000021135bb0a60;
LS_0000021135b5cae0_0_0 .concat8 [ 32 5 32 32], L_0000021135b5d3a0, L_0000021135b72160, L_0000021135b72630, L_0000021135b70f00;
LS_0000021135b5cae0_0_4 .concat8 [ 1 1 3 2], L_0000021135b72400, L_0000021135b72470, L_0000021135b5cfe0, L_0000021135b72550;
LS_0000021135b5cae0_0_8 .concat8 [ 5 1 32 0], L_0000021135b725c0, L_0000021135b70f70, L_0000021135b5bc80;
L_0000021135b5cae0 .concat8 [ 101 7 38 0], LS_0000021135b5cae0_0_0, LS_0000021135b5cae0_0_4, LS_0000021135b5cae0_0_8;
L_0000021135b5bc80 .part v0000021135a9c530_0, 162, 32;
L_0000021135b5bd20 .part v0000021135a9d9d0_0, 32, 5;
L_0000021135b5b5a0 .part v0000021135a9d9d0_0, 37, 32;
L_0000021135b5ccc0 .part v0000021135a9d9d0_0, 69, 32;
L_0000021135b5d800 .part v0000021135a9d9d0_0, 101, 1;
L_0000021135b5b6e0 .part v0000021135a9d9d0_0, 102, 1;
L_0000021135b5c4a0 .part v0000021135a9d9d0_0, 103, 3;
L_0000021135b5c5e0 .part L_0000021135b5c4a0, 0, 1;
L_0000021135b5c360 .part v0000021135a9d9d0_0, 106, 2;
L_0000021135b5c040 .part v0000021135a9d9d0_0, 108, 5;
L_0000021135b5cc20 .part v0000021135a9d9d0_0, 113, 1;
L_0000021135b5d760 .part L_0000021135bb0aa8, 0, 1;
L_0000021135b5d8a0 .part L_0000021135bb0af0, 0, 1;
L_0000021135b5d1c0 .part v0000021135a9d9d0_0, 0, 32;
LS_0000021135b5b640_0_0 .concat8 [ 32 5 32 32], L_0000021135b5d1c0, L_0000021135b72c50, L_0000021135b73820, L_0000021135b73b30;
LS_0000021135b5b640_0_4 .concat8 [ 1 2 32 0], L_0000021135b736d0, L_0000021135b72e10, L_0000021135b5c900;
L_0000021135b5b640 .concat8 [ 101 35 0 0], LS_0000021135b5b640_0_0, LS_0000021135b5b640_0_4;
L_0000021135b5c900 .part v0000021135a9d9d0_0, 114, 32;
L_0000021135b5b8c0 .part v0000021135a9dc50_0, 0, 32;
L_0000021135b5d080 .part v0000021135a9dc50_0, 32, 5;
L_0000021135b5da80 .part v0000021135a9dc50_0, 37, 32;
L_0000021135b5c680 .part v0000021135a9dc50_0, 69, 32;
L_0000021135b5b820 .part v0000021135a9dc50_0, 101, 1;
L_0000021135b5c720 .part v0000021135a9dc50_0, 102, 2;
L_0000021135b5b960 .part v0000021135a9dc50_0, 104, 32;
L_0000021135b5be60 .part L_0000021135bb0b38, 0, 1;
L_0000021135b5d300 .part L_0000021135bb0b80, 0, 1;
S_00000211355f6e40 .scope module, "EX_MEM" "pl_reg" 5 262, 6 1 0, S_00000211355f6cb0;
 .timescale -9 -12;
    .port_info 0 /INPUT 1 "clk";
    .port_info 1 /INPUT 1 "rst";
    .port_info 2 /INPUT 1 "flush";
    .port_info 3 /INPUT 1 "en";
    .port_info 4 /INPUT 146 "in";
    .port_info 5 /OUTPUT 146 "out";
P_0000021135a854b0 .param/l "WIDTH" 0 6 1, +C4<00000000000000000000000010010010>;
v0000021135a9ded0_0 .net "clk", 0 0, L_0000021135b70fe0;  1 drivers
v0000021135a9c670_0 .net "en", 0 0, L_0000021135b5d8a0;  1 drivers
v0000021135a9e290_0 .net "flush", 0 0, L_0000021135b5d760;  1 drivers
v0000021135a9d110_0 .net "in", 145 0, L_0000021135b5cae0;  alias, 1 drivers
v0000021135a9d9d0_0 .var "out", 145 0;
v0000021135a9d7f0_0 .net "rst", 0 0, L_0000021135a7b8e0;  alias, 1 drivers
E_0000021135a86130 .event posedge, v0000021135a9d7f0_0, v0000021135a9ded0_0;
S_00000211355eec60 .scope module, "ID_EX" "pl_reg" 5 230, 6 1 0, S_00000211355f6cb0;
 .timescale -9 -12;
    .port_info 0 /INPUT 1 "clk";
    .port_info 1 /INPUT 1 "rst";
    .port_info 2 /INPUT 1 "flush";
    .port_info 3 /INPUT 1 "en";
    .port_info 4 /INPUT 194 "in";
    .port_info 5 /OUTPUT 194 "out";
P_0000021135a85d70 .param/l "WIDTH" 0 6 1, +C4<00000000000000000000000011000010>;
v0000021135a9e650_0 .net "clk", 0 0, L_0000021135b720f0;  1 drivers
v0000021135a9df70_0 .net "en", 0 0, L_0000021135b5bbe0;  1 drivers
v0000021135a9e330_0 .net "flush", 0 0, L_0000021135b71670;  alias, 1 drivers
v0000021135a9d570_0 .net "in", 193 0, L_0000021135b5d260;  1 drivers
v0000021135a9c530_0 .var "out", 193 0;
v0000021135a9d930_0 .net "rst", 0 0, L_0000021135a7b8e0;  alias, 1 drivers
E_0000021135a86070 .event posedge, v0000021135a9d7f0_0, v0000021135a9e650_0;
S_00000211355eedf0 .scope module, "IF_ID" "pl_reg" 5 186, 6 1 0, S_00000211355f6cb0;
 .timescale -9 -12;
    .port_info 0 /INPUT 1 "clk";
    .port_info 1 /INPUT 1 "rst";
    .port_info 2 /INPUT 1 "flush";
    .port_info 3 /INPUT 1 "en";
    .port_info 4 /INPUT 64 "in";
    .port_info 5 /OUTPUT 64 "out";
P_0000021135a85870 .param/l "WIDTH" 0 6 1, +C4<00000000000000000000000001000000>;
v0000021135a9ea10_0 .net "clk", 0 0, L_0000021135b70db0;  1 drivers
v0000021135a9e470_0 .net "en", 0 0, L_0000021135b71b40;  1 drivers
v0000021135a9e6f0_0 .net "flush", 0 0, L_0000021135b71670;  alias, 1 drivers
v0000021135a9e010_0 .net "in", 63 0, L_0000021135b5aec0;  alias, 1 drivers
v0000021135a9da70_0 .var "out", 63 0;
v0000021135a9dbb0_0 .net "rst", 0 0, L_0000021135a7b8e0;  alias, 1 drivers
E_0000021135a85c70 .event posedge, v0000021135a9d7f0_0, v0000021135a9ea10_0;
S_00000211355ba010 .scope module, "MEM_WB" "pl_reg" 5 288, 6 1 0, S_00000211355f6cb0;
 .timescale -9 -12;
    .port_info 0 /INPUT 1 "clk";
    .port_info 1 /INPUT 1 "rst";
    .port_info 2 /INPUT 1 "flush";
    .port_info 3 /INPUT 1 "en";
    .port_info 4 /INPUT 136 "in";
    .port_info 5 /OUTPUT 136 "out";
P_0000021135a85530 .param/l "WIDTH" 0 6 1, +C4<00000000000000000000000010001000>;
v0000021135a9cad0_0 .net "clk", 0 0, L_0000021135b732e0;  1 drivers
v0000021135a9c2b0_0 .net "en", 0 0, L_0000021135b5d300;  1 drivers
v0000021135a9e5b0_0 .net "flush", 0 0, L_0000021135b5be60;  1 drivers
v0000021135a9c7b0_0 .net "in", 135 0, L_0000021135b5b640;  alias, 1 drivers
v0000021135a9dc50_0 .var "out", 135 0;
v0000021135a9d1b0_0 .net "rst", 0 0, L_0000021135a7b8e0;  alias, 1 drivers
E_0000021135a85f70 .event posedge, v0000021135a9d7f0_0, v0000021135a9cad0_0;
S_00000211355ba1a0 .scope module, "U_EXT" "EXT" 5 122, 7 2 0, S_00000211355f6cb0;
 .timescale -9 -12;
    .port_info 0 /INPUT 12 "iimm";
    .port_info 1 /INPUT 12 "simm";
    .port_info 2 /INPUT 12 "bimm";
    .port_info 3 /INPUT 20 "uimm";
    .port_info 4 /INPUT 20 "jimm";
    .port_info 5 /INPUT 6 "EXTOp";
    .port_info 6 /OUTPUT 32 "immout";
v0000021135a9d250_0 .net "EXTOp", 5 0, L_0000021135b5a9c0;  alias, 1 drivers
v0000021135a9db10_0 .net "bimm", 11 0, L_0000021135b2feb0;  alias, 1 drivers
v0000021135a9e0b0_0 .net "iimm", 11 0, L_0000021135b2ff50;  alias, 1 drivers
v0000021135a9cdf0_0 .var "immout", 31 0;
v0000021135a9c850_0 .net "jimm", 19 0, L_0000021135b2ee70;  alias, 1 drivers
v0000021135a9e150_0 .net "simm", 11 0, L_0000021135b2ed30;  alias, 1 drivers
v0000021135a9d2f0_0 .net "uimm", 19 0, L_0000021135b2ebf0;  alias, 1 drivers
E_0000021135a859b0/0 .event anyedge, v0000021135a9d250_0, v0000021135a9e0b0_0, v0000021135a9e150_0, v0000021135a9db10_0;
E_0000021135a859b0/1 .event anyedge, v0000021135a9d2f0_0, v0000021135a9c850_0;
E_0000021135a859b0 .event/or E_0000021135a859b0/0, E_0000021135a859b0/1;
S_0000021135644530 .scope module, "U_NPC" "NPC" 5 120, 8 3 0, S_00000211355f6cb0;
 .timescale -9 -12;
    .port_info 0 /INPUT 32 "PC";
    .port_info 1 /INPUT 5 "NPCOp";
    .port_info 2 /INPUT 32 "IMM";
    .port_info 3 /INPUT 32 "JALR";
    .port_info 4 /OUTPUT 32 "NPC";
v0000021135a9cb70_0 .net "IMM", 31 0, L_0000021135b5ca40;  alias, 1 drivers
v0000021135a9e1f0_0 .net "JALR", 31 0, v0000021135aa0a90_0;  alias, 1 drivers
v0000021135a9e790_0 .var "NPC", 31 0;
v0000021135a9cc10_0 .net "NPCOp", 4 0, L_0000021135b5d620;  alias, 1 drivers
v0000021135a9ce90_0 .net "PC", 31 0, v0000021135a9ef10_0;  alias, 1 drivers
v0000021135a9e830_0 .net "PCPLUS4", 31 0, L_0000021135b59d40;  1 drivers
L_0000021135bb0118 .functor BUFT 1, C4<00000000000000000000000000000100>, C4<0>, C4<0>, C4<0>;
v0000021135a9c350_0 .net/2u *"_ivl_0", 31 0, L_0000021135bb0118;  1 drivers
E_0000021135a860b0/0 .event anyedge, v0000021135a9cc10_0, v0000021135a9e830_0, v0000021135a9ce90_0, v0000021135a9cb70_0;
E_0000021135a860b0/1 .event anyedge, v0000021135a9e1f0_0;
E_0000021135a860b0 .event/or E_0000021135a860b0/0, E_0000021135a860b0/1;
L_0000021135b59d40 .arith/sum 32, v0000021135a9ef10_0, L_0000021135bb0118;
S_00000211356446c0 .scope module, "U_PC" "PC" 5 119, 9 1 0, S_00000211355f6cb0;
 .timescale -9 -12;
    .port_info 0 /INPUT 1 "clk";
    .port_info 1 /INPUT 1 "rst";
    .port_info 2 /INPUT 1 "en";
    .port_info 3 /INPUT 32 "NPC";
    .port_info 4 /OUTPUT 32 "PC";
v0000021135a9c3f0_0 .net "NPC", 31 0, v0000021135a9e790_0;  alias, 1 drivers
v0000021135a9ef10_0 .var "PC", 31 0;
v0000021135aa0db0_0 .net "clk", 0 0, L_0000021135b70e20;  1 drivers
v0000021135a9fb90_0 .net "en", 0 0, L_0000021135b71c90;  1 drivers
v0000021135aa04f0_0 .net "rst", 0 0, L_0000021135a7b8e0;  alias, 1 drivers
E_0000021135a85a30 .event posedge, v0000021135a9d7f0_0, v0000021135aa0db0_0;
S_000002113560bc60 .scope module, "U_RF" "RF" 5 126, 10 1 0, S_00000211355f6cb0;
 .timescale -9 -12;
    .port_info 0 /INPUT 1 "clk";
    .port_info 1 /INPUT 1 "rst";
    .port_info 2 /INPUT 1 "RFWr";
    .port_info 3 /INPUT 5 "A1";
    .port_info 4 /INPUT 5 "A2";
    .port_info 5 /INPUT 5 "A3";
    .port_info 6 /INPUT 32 "WD";
    .port_info 7 /OUTPUT 32 "RD1";
    .port_info 8 /OUTPUT 32 "RD2";
v0000021135a9f230_0 .net "A1", 4 0, L_0000021135b2f7d0;  alias, 1 drivers
v0000021135a9efb0_0 .net "A2", 4 0, L_0000021135b2fc30;  alias, 1 drivers
v0000021135a9fd70_0 .net "A3", 4 0, L_0000021135b5d080;  alias, 1 drivers
v0000021135a9ee70_0 .net "RD1", 31 0, L_0000021135b59ac0;  alias, 1 drivers
v0000021135aa01d0_0 .net "RD2", 31 0, L_0000021135b5a880;  alias, 1 drivers
v0000021135aa0770_0 .net "RFWr", 0 0, L_0000021135b5b820;  alias, 1 drivers
v0000021135aa0270_0 .net "WD", 31 0, v0000021135b388d0_0;  1 drivers
v0000021135a9f5f0_0 .net *"_ivl_0", 31 0, L_0000021135b58d00;  1 drivers
v0000021135a9f730_0 .net *"_ivl_10", 6 0, L_0000021135b590c0;  1 drivers
L_0000021135bb01f0 .functor BUFT 1, C4<00>, C4<0>, C4<0>, C4<0>;
v0000021135a9f4b0_0 .net *"_ivl_13", 1 0, L_0000021135bb01f0;  1 drivers
L_0000021135bb0238 .functor BUFT 1, C4<00000000000000000000000000000000>, C4<0>, C4<0>, C4<0>;
v0000021135aa0810_0 .net/2u *"_ivl_14", 31 0, L_0000021135bb0238;  1 drivers
v0000021135a9ec90_0 .net *"_ivl_18", 31 0, L_0000021135b59480;  1 drivers
L_0000021135bb0280 .functor BUFT 1, C4<000000000000000000000000000>, C4<0>, C4<0>, C4<0>;
v0000021135a9f050_0 .net *"_ivl_21", 26 0, L_0000021135bb0280;  1 drivers
L_0000021135bb02c8 .functor BUFT 1, C4<00000000000000000000000000000000>, C4<0>, C4<0>, C4<0>;
v0000021135a9f550_0 .net/2u *"_ivl_22", 31 0, L_0000021135bb02c8;  1 drivers
v0000021135a9f690_0 .net *"_ivl_24", 0 0, L_0000021135b59340;  1 drivers
v0000021135a9ebf0_0 .net *"_ivl_26", 31 0, L_0000021135b59160;  1 drivers
v0000021135a9f870_0 .net *"_ivl_28", 6 0, L_0000021135b59200;  1 drivers
L_0000021135bb0160 .functor BUFT 1, C4<000000000000000000000000000>, C4<0>, C4<0>, C4<0>;
v0000021135a9f7d0_0 .net *"_ivl_3", 26 0, L_0000021135bb0160;  1 drivers
L_0000021135bb0310 .functor BUFT 1, C4<00>, C4<0>, C4<0>, C4<0>;
v0000021135a9f2d0_0 .net *"_ivl_31", 1 0, L_0000021135bb0310;  1 drivers
L_0000021135bb0358 .functor BUFT 1, C4<00000000000000000000000000000000>, C4<0>, C4<0>, C4<0>;
v0000021135aa0310_0 .net/2u *"_ivl_32", 31 0, L_0000021135bb0358;  1 drivers
L_0000021135bb01a8 .functor BUFT 1, C4<00000000000000000000000000000000>, C4<0>, C4<0>, C4<0>;
v0000021135aa08b0_0 .net/2u *"_ivl_4", 31 0, L_0000021135bb01a8;  1 drivers
v0000021135aa06d0_0 .net *"_ivl_6", 0 0, L_0000021135b58da0;  1 drivers
v0000021135aa0950_0 .net *"_ivl_8", 31 0, L_0000021135b59fc0;  1 drivers
v0000021135a9ed30_0 .net "clk", 0 0, v0000021135b2e3d0_0;  alias, 1 drivers
v0000021135aa09f0_0 .var/i "i", 31 0;
v0000021135a9feb0 .array "rf", 0 31, 31 0;
v0000021135aa03b0_0 .net "rst", 0 0, L_0000021135a7b8e0;  alias, 1 drivers
E_0000021135a85a70 .event posedge, v0000021135a9d7f0_0, v0000021135a9ca30_0;
L_0000021135b58d00 .concat [ 5 27 0 0], L_0000021135b2f7d0, L_0000021135bb0160;
L_0000021135b58da0 .cmp/ne 32, L_0000021135b58d00, L_0000021135bb01a8;
L_0000021135b59fc0 .array/port v0000021135a9feb0, L_0000021135b590c0;
L_0000021135b590c0 .concat [ 5 2 0 0], L_0000021135b2f7d0, L_0000021135bb01f0;
L_0000021135b59ac0 .functor MUXZ 32, L_0000021135bb0238, L_0000021135b59fc0, L_0000021135b58da0, C4<>;
L_0000021135b59480 .concat [ 5 27 0 0], L_0000021135b2fc30, L_0000021135bb0280;
L_0000021135b59340 .cmp/ne 32, L_0000021135b59480, L_0000021135bb02c8;
L_0000021135b59160 .array/port v0000021135a9feb0, L_0000021135b59200;
L_0000021135b59200 .concat [ 5 2 0 0], L_0000021135b2fc30, L_0000021135bb0310;
L_0000021135b5a880 .functor MUXZ 32, L_0000021135bb0358, L_0000021135b59160, L_0000021135b59340, C4<>;
S_000002113560bdf0 .scope module, "U_alu" "alu" 5 134, 11 3 0, S_00000211355f6cb0;
 .timescale -9 -12;
    .port_info 0 /INPUT 32 "A";
    .port_info 1 /INPUT 32 "B";
    .port_info 2 /INPUT 5 "ALUOp";
    .port_info 3 /OUTPUT 32 "C";
    .port_info 4 /OUTPUT 1 "Zero";
    .port_info 5 /OUTPUT 1 "Less";
    .port_info 6 /OUTPUT 1 "Branch";
L_0000021135b71d70 .functor AND 1, L_0000021135b5a920, L_0000021135b5b0a0, C4<1>, C4<1>;
L_0000021135b71750 .functor NOT 1, L_0000021135b5b0a0, C4<0>, C4<0>, C4<0>;
L_0000021135b710c0 .functor AND 1, L_0000021135b5ac40, L_0000021135b71750, C4<1>, C4<1>;
L_0000021135b71210 .functor OR 1, L_0000021135b71d70, L_0000021135b710c0, C4<0>, C4<0>;
L_0000021135b726a0 .functor NOT 1, L_0000021135b5b280, C4<0>, C4<0>, C4<0>;
L_0000021135b728d0 .functor AND 1, L_0000021135b59980, L_0000021135b726a0, C4<1>, C4<1>;
L_0000021135b72860 .functor OR 1, L_0000021135b71210, L_0000021135b728d0, C4<0>, C4<0>;
L_0000021135b717c0 .functor NOT 1, L_0000021135b5b280, C4<0>, C4<0>, C4<0>;
L_0000021135b71a60 .functor AND 1, L_0000021135b59de0, L_0000021135b717c0, C4<1>, C4<1>;
L_0000021135b72710 .functor OR 1, L_0000021135b72860, L_0000021135b71a60, C4<0>, C4<0>;
L_0000021135b70e90 .functor AND 1, L_0000021135b59520, L_0000021135b5b280, C4<1>, C4<1>;
L_0000021135b72780 .functor OR 1, L_0000021135b72710, L_0000021135b70e90, C4<0>, C4<0>;
L_0000021135b72320 .functor AND 1, L_0000021135b5ace0, L_0000021135b5b280, C4<1>, C4<1>;
L_0000021135b71de0 .functor OR 1, L_0000021135b72780, L_0000021135b72320, C4<0>, C4<0>;
v0000021135aa0c70_0 .net/s "A", 31 0, L_0000021135b712f0;  alias, 1 drivers
v0000021135aa0590_0 .net "ALUOp", 4 0, L_0000021135b5baa0;  alias, 1 drivers
v0000021135a9f0f0_0 .net/s "B", 31 0, L_0000021135b5ab00;  alias, 1 drivers
v0000021135aa0f90_0 .net "Branch", 0 0, L_0000021135b71de0;  alias, 1 drivers
v0000021135aa0a90_0 .var/s "C", 31 0;
v0000021135a9fa50_0 .net "Less", 0 0, L_0000021135b5b280;  alias, 1 drivers
v0000021135a9faf0_0 .net "Zero", 0 0, L_0000021135b5b0a0;  alias, 1 drivers
L_0000021135bb03a0 .functor BUFT 1, C4<00000000000000000000000000000000>, C4<0>, C4<0>, C4<0>;
v0000021135aa0450_0 .net/2u *"_ivl_0", 31 0, L_0000021135bb03a0;  1 drivers
v0000021135aa0b30_0 .net *"_ivl_10", 0 0, L_0000021135b5a920;  1 drivers
v0000021135a9f910_0 .net *"_ivl_12", 0 0, L_0000021135b71d70;  1 drivers
L_0000021135bb0478 .functor BUFT 1, C4<00101>, C4<0>, C4<0>, C4<0>;
v0000021135a9eb50_0 .net/2u *"_ivl_14", 4 0, L_0000021135bb0478;  1 drivers
v0000021135aa0d10_0 .net *"_ivl_16", 0 0, L_0000021135b5ac40;  1 drivers
v0000021135aa0e50_0 .net *"_ivl_18", 0 0, L_0000021135b71750;  1 drivers
v0000021135a9f9b0_0 .net *"_ivl_20", 0 0, L_0000021135b710c0;  1 drivers
v0000021135aa1030_0 .net *"_ivl_22", 0 0, L_0000021135b71210;  1 drivers
L_0000021135bb04c0 .functor BUFT 1, C4<00111>, C4<0>, C4<0>, C4<0>;
v0000021135a9fc30_0 .net/2u *"_ivl_24", 4 0, L_0000021135bb04c0;  1 drivers
v0000021135aa10d0_0 .net *"_ivl_26", 0 0, L_0000021135b59980;  1 drivers
v0000021135a9edd0_0 .net *"_ivl_28", 0 0, L_0000021135b726a0;  1 drivers
v0000021135a9f370_0 .net *"_ivl_30", 0 0, L_0000021135b728d0;  1 drivers
v0000021135a9fcd0_0 .net *"_ivl_32", 0 0, L_0000021135b72860;  1 drivers
L_0000021135bb0508 .functor BUFT 1, C4<01001>, C4<0>, C4<0>, C4<0>;
v0000021135aa0630_0 .net/2u *"_ivl_34", 4 0, L_0000021135bb0508;  1 drivers
v0000021135aa1170_0 .net *"_ivl_36", 0 0, L_0000021135b59de0;  1 drivers
v0000021135aa0bd0_0 .net *"_ivl_38", 0 0, L_0000021135b717c0;  1 drivers
L_0000021135bb03e8 .functor BUFT 1, C4<00000000000000000000000000000001>, C4<0>, C4<0>, C4<0>;
v0000021135a9fe10_0 .net/2u *"_ivl_4", 31 0, L_0000021135bb03e8;  1 drivers
v0000021135a9f190_0 .net *"_ivl_40", 0 0, L_0000021135b71a60;  1 drivers
v0000021135aa0ef0_0 .net *"_ivl_42", 0 0, L_0000021135b72710;  1 drivers
L_0000021135bb0550 .functor BUFT 1, C4<00110>, C4<0>, C4<0>, C4<0>;
v0000021135a9ff50_0 .net/2u *"_ivl_44", 4 0, L_0000021135bb0550;  1 drivers
v0000021135a9eab0_0 .net *"_ivl_46", 0 0, L_0000021135b59520;  1 drivers
v0000021135a9f410_0 .net *"_ivl_48", 0 0, L_0000021135b70e90;  1 drivers
v0000021135a9fff0_0 .net *"_ivl_50", 0 0, L_0000021135b72780;  1 drivers
L_0000021135bb0598 .functor BUFT 1, C4<01000>, C4<0>, C4<0>, C4<0>;
v0000021135aa0090_0 .net/2u *"_ivl_52", 4 0, L_0000021135bb0598;  1 drivers
v0000021135aa0130_0 .net *"_ivl_54", 0 0, L_0000021135b5ace0;  1 drivers
v0000021135aa1710_0 .net *"_ivl_56", 0 0, L_0000021135b72320;  1 drivers
L_0000021135bb0430 .functor BUFT 1, C4<10011>, C4<0>, C4<0>, C4<0>;
v0000021135aa3970_0 .net/2u *"_ivl_8", 4 0, L_0000021135bb0430;  1 drivers
E_0000021135a85eb0 .event anyedge, v0000021135aa0590_0, v0000021135a9f0f0_0, v0000021135aa0c70_0;
L_0000021135b5b0a0 .cmp/eq 32, v0000021135aa0a90_0, L_0000021135bb03a0;
L_0000021135b5b280 .cmp/eq 32, v0000021135aa0a90_0, L_0000021135bb03e8;
L_0000021135b5a920 .cmp/eq 5, L_0000021135b5baa0, L_0000021135bb0430;
L_0000021135b5ac40 .cmp/eq 5, L_0000021135b5baa0, L_0000021135bb0478;
L_0000021135b59980 .cmp/eq 5, L_0000021135b5baa0, L_0000021135bb04c0;
L_0000021135b59de0 .cmp/eq 5, L_0000021135b5baa0, L_0000021135bb0508;
L_0000021135b59520 .cmp/eq 5, L_0000021135b5baa0, L_0000021135bb0550;
L_0000021135b5ace0 .cmp/eq 5, L_0000021135b5baa0, L_0000021135bb0598;
S_000002113560a9d0 .scope module, "U_ctrl" "ctrl" 5 112, 12 3 0, S_00000211355f6cb0;
 .timescale -9 -12;
    .port_info 0 /INPUT 7 "Op";
    .port_info 1 /INPUT 7 "Funct7";
    .port_info 2 /INPUT 3 "Funct3";
    .port_info 3 /INPUT 1 "Zero";
    .port_info 4 /INPUT 1 "Less";
    .port_info 5 /OUTPUT 1 "RegWrite";
    .port_info 6 /OUTPUT 1 "MemWrite";
    .port_info 7 /OUTPUT 1 "MemRead";
    .port_info 8 /OUTPUT 6 "EXTOp";
    .port_info 9 /OUTPUT 5 "ALUOp";
    .port_info 10 /OUTPUT 5 "NPCOp";
    .port_info 11 /OUTPUT 1 "ALUSrc";
    .port_info 12 /OUTPUT 2 "WDSel";
L_0000021135a7c130 .functor NOT 1, L_0000021135b2f050, C4<0>, C4<0>, C4<0>;
L_0000021135a7b250 .functor AND 1, L_0000021135a7c130, L_0000021135b2de30, C4<1>, C4<1>;
L_0000021135a7b330 .functor AND 1, L_0000021135a7b250, L_0000021135b2f230, C4<1>, C4<1>;
L_0000021135a7b950 .functor NOT 1, L_0000021135b2e510, C4<0>, C4<0>, C4<0>;
L_0000021135a7baa0 .functor AND 1, L_0000021135a7b330, L_0000021135a7b950, C4<1>, C4<1>;
L_0000021135a7c910 .functor AND 1, L_0000021135a7baa0, L_0000021135b2f2d0, C4<1>, C4<1>;
L_0000021135a7c830 .functor AND 1, L_0000021135a7c910, L_0000021135b2f730, C4<1>, C4<1>;
L_0000021135a7bb10 .functor AND 1, L_0000021135a7c830, L_0000021135b2eab0, C4<1>, C4<1>;
L_0000021135a7c1a0 .functor NOT 1, L_0000021135b2e5b0, C4<0>, C4<0>, C4<0>;
L_0000021135a7c3d0 .functor AND 1, L_0000021135a7c1a0, L_0000021135b2e6f0, C4<1>, C4<1>;
L_0000021135a7bb80 .functor AND 1, L_0000021135a7c3d0, L_0000021135b2e970, C4<1>, C4<1>;
L_0000021135a7c440 .functor NOT 1, L_0000021135b2ea10, C4<0>, C4<0>, C4<0>;
L_0000021135a7b4f0 .functor AND 1, L_0000021135a7bb80, L_0000021135a7c440, C4<1>, C4<1>;
L_0000021135a7c8a0 .functor NOT 1, L_0000021135b2f0f0, C4<0>, C4<0>, C4<0>;
L_0000021135a7c4b0 .functor AND 1, L_0000021135a7b4f0, L_0000021135a7c8a0, C4<1>, C4<1>;
L_0000021135a7b480 .functor AND 1, L_0000021135a7c4b0, L_0000021135b2f410, C4<1>, C4<1>;
L_0000021135a7c590 .functor AND 1, L_0000021135a7b480, L_0000021135b2f550, C4<1>, C4<1>;
L_0000021135a7c9f0 .functor NOT 1, L_0000021135b2ded0, C4<0>, C4<0>, C4<0>;
L_0000021135a7cad0 .functor AND 1, L_0000021135a7c590, L_0000021135a7c9f0, C4<1>, C4<1>;
L_0000021135a7ce50 .functor NOT 1, L_0000021135b2f370, C4<0>, C4<0>, C4<0>;
L_0000021135a7cec0 .functor AND 1, L_0000021135a7cad0, L_0000021135a7ce50, C4<1>, C4<1>;
L_0000021135a7d010 .functor NOT 1, L_0000021135b2e0b0, C4<0>, C4<0>, C4<0>;
L_0000021135a7d160 .functor AND 1, L_0000021135a7cec0, L_0000021135a7d010, C4<1>, C4<1>;
L_0000021135a7d080 .functor NOT 1, L_0000021135b2e290, C4<0>, C4<0>, C4<0>;
L_0000021135a7cf30 .functor AND 1, L_0000021135a7d160, L_0000021135a7d080, C4<1>, C4<1>;
L_0000021135a7d0f0 .functor NOT 1, L_0000021135b2f690, C4<0>, C4<0>, C4<0>;
L_0000021135a7cfa0 .functor AND 1, L_0000021135a7cf30, L_0000021135a7d0f0, C4<1>, C4<1>;
L_0000021135b40070 .functor NOT 1, L_0000021135b2f5f0, C4<0>, C4<0>, C4<0>;
L_0000021135b40fc0 .functor AND 1, L_0000021135a7cfa0, L_0000021135b40070, C4<1>, C4<1>;
L_0000021135b404d0 .functor NOT 1, L_0000021135b2e1f0, C4<0>, C4<0>, C4<0>;
L_0000021135b3f6d0 .functor AND 1, L_0000021135b40fc0, L_0000021135b404d0, C4<1>, C4<1>;
L_0000021135b3f660 .functor NOT 1, L_0000021135b2f910, C4<0>, C4<0>, C4<0>;
L_0000021135b40c40 .functor AND 1, L_0000021135b3f6d0, L_0000021135b3f660, C4<1>, C4<1>;
L_0000021135b3f7b0 .functor NOT 1, L_0000021135b2faf0, C4<0>, C4<0>, C4<0>;
L_0000021135b40d20 .functor AND 1, L_0000021135b40c40, L_0000021135b3f7b0, C4<1>, C4<1>;
L_0000021135b3f820 .functor NOT 1, L_0000021135b2fb90, C4<0>, C4<0>, C4<0>;
L_0000021135b40d90 .functor AND 1, L_0000021135b40d20, L_0000021135b3f820, C4<1>, C4<1>;
L_0000021135b407e0 .functor NOT 1, L_0000021135b2fcd0, C4<0>, C4<0>, C4<0>;
L_0000021135b400e0 .functor AND 1, L_0000021135a7c590, L_0000021135b407e0, C4<1>, C4<1>;
L_0000021135b40ee0 .functor AND 1, L_0000021135b400e0, L_0000021135b2fd70, C4<1>, C4<1>;
L_0000021135b40700 .functor NOT 1, L_0000021135b31cb0, C4<0>, C4<0>, C4<0>;
L_0000021135b40a10 .functor AND 1, L_0000021135b40ee0, L_0000021135b40700, C4<1>, C4<1>;
L_0000021135b3fac0 .functor NOT 1, L_0000021135b30c70, C4<0>, C4<0>, C4<0>;
L_0000021135b40690 .functor AND 1, L_0000021135b40a10, L_0000021135b3fac0, C4<1>, C4<1>;
L_0000021135b3fa50 .functor NOT 1, L_0000021135b32390, C4<0>, C4<0>, C4<0>;
L_0000021135b40e00 .functor AND 1, L_0000021135b40690, L_0000021135b3fa50, C4<1>, C4<1>;
L_0000021135b410a0 .functor NOT 1, L_0000021135b329d0, C4<0>, C4<0>, C4<0>;
L_0000021135b41030 .functor AND 1, L_0000021135b40e00, L_0000021135b410a0, C4<1>, C4<1>;
L_0000021135b40000 .functor NOT 1, L_0000021135b312b0, C4<0>, C4<0>, C4<0>;
L_0000021135b40380 .functor AND 1, L_0000021135b41030, L_0000021135b40000, C4<1>, C4<1>;
L_0000021135b41110 .functor NOT 1, L_0000021135b30810, C4<0>, C4<0>, C4<0>;
L_0000021135b3fd60 .functor AND 1, L_0000021135b40380, L_0000021135b41110, C4<1>, C4<1>;
L_0000021135b3f970 .functor NOT 1, L_0000021135b31030, C4<0>, C4<0>, C4<0>;
L_0000021135b3fe40 .functor AND 1, L_0000021135b3fd60, L_0000021135b3f970, C4<1>, C4<1>;
L_0000021135b402a0 .functor NOT 1, L_0000021135b31350, C4<0>, C4<0>, C4<0>;
L_0000021135b403f0 .functor AND 1, L_0000021135b3fe40, L_0000021135b402a0, C4<1>, C4<1>;
L_0000021135b41180 .functor NOT 1, L_0000021135b32070, C4<0>, C4<0>, C4<0>;
L_0000021135b3fdd0 .functor AND 1, L_0000021135a7c590, L_0000021135b41180, C4<1>, C4<1>;
L_0000021135b40150 .functor NOT 1, L_0000021135b30310, C4<0>, C4<0>, C4<0>;
L_0000021135b3fc80 .functor AND 1, L_0000021135b3fdd0, L_0000021135b40150, C4<1>, C4<1>;
L_0000021135b3f9e0 .functor NOT 1, L_0000021135b31710, C4<0>, C4<0>, C4<0>;
L_0000021135b3feb0 .functor AND 1, L_0000021135b3fc80, L_0000021135b3f9e0, C4<1>, C4<1>;
L_0000021135b411f0 .functor NOT 1, L_0000021135b31df0, C4<0>, C4<0>, C4<0>;
L_0000021135b40cb0 .functor AND 1, L_0000021135b3feb0, L_0000021135b411f0, C4<1>, C4<1>;
L_0000021135b40a80 .functor NOT 1, L_0000021135b32930, C4<0>, C4<0>, C4<0>;
L_0000021135b3fcf0 .functor AND 1, L_0000021135b40cb0, L_0000021135b40a80, C4<1>, C4<1>;
L_0000021135b40e70 .functor NOT 1, L_0000021135b31f30, C4<0>, C4<0>, C4<0>;
L_0000021135b3f890 .functor AND 1, L_0000021135b3fcf0, L_0000021135b40e70, C4<1>, C4<1>;
L_0000021135b401c0 .functor NOT 1, L_0000021135b32430, C4<0>, C4<0>, C4<0>;
L_0000021135b40930 .functor AND 1, L_0000021135b3f890, L_0000021135b401c0, C4<1>, C4<1>;
L_0000021135b3fc10 .functor AND 1, L_0000021135b40930, L_0000021135b30a90, C4<1>, C4<1>;
L_0000021135b3f740 .functor AND 1, L_0000021135b3fc10, L_0000021135b31e90, C4<1>, C4<1>;
L_0000021135b3f900 .functor NOT 1, L_0000021135b31530, C4<0>, C4<0>, C4<0>;
L_0000021135b40460 .functor AND 1, L_0000021135b3f740, L_0000021135b3f900, C4<1>, C4<1>;
L_0000021135b40f50 .functor NOT 1, L_0000021135b315d0, C4<0>, C4<0>, C4<0>;
L_0000021135b40230 .functor AND 1, L_0000021135a7c590, L_0000021135b40f50, C4<1>, C4<1>;
L_0000021135b3fb30 .functor NOT 1, L_0000021135b32110, C4<0>, C4<0>, C4<0>;
L_0000021135b3fba0 .functor AND 1, L_0000021135b40230, L_0000021135b3fb30, C4<1>, C4<1>;
L_0000021135b40310 .functor NOT 1, L_0000021135b31670, C4<0>, C4<0>, C4<0>;
L_0000021135b40620 .functor AND 1, L_0000021135b3fba0, L_0000021135b40310, C4<1>, C4<1>;
L_0000021135b3ff20 .functor NOT 1, L_0000021135b313f0, C4<0>, C4<0>, C4<0>;
L_0000021135b3ff90 .functor AND 1, L_0000021135b40620, L_0000021135b3ff20, C4<1>, C4<1>;
L_0000021135b40540 .functor NOT 1, L_0000021135b30630, C4<0>, C4<0>, C4<0>;
L_0000021135b40770 .functor AND 1, L_0000021135b3ff90, L_0000021135b40540, C4<1>, C4<1>;
L_0000021135b405b0 .functor NOT 1, L_0000021135b322f0, C4<0>, C4<0>, C4<0>;
L_0000021135b40850 .functor AND 1, L_0000021135b40770, L_0000021135b405b0, C4<1>, C4<1>;
L_0000021135b408c0 .functor NOT 1, L_0000021135b32750, C4<0>, C4<0>, C4<0>;
L_0000021135b409a0 .functor AND 1, L_0000021135b40850, L_0000021135b408c0, C4<1>, C4<1>;
L_0000021135b40af0 .functor AND 1, L_0000021135b409a0, L_0000021135b30f90, C4<1>, C4<1>;
L_0000021135b40b60 .functor AND 1, L_0000021135b40af0, L_0000021135b31490, C4<1>, C4<1>;
L_0000021135b40bd0 .functor AND 1, L_0000021135b40b60, L_0000021135b32610, C4<1>, C4<1>;
L_0000021135b415e0 .functor NOT 1, L_0000021135b317b0, C4<0>, C4<0>, C4<0>;
L_0000021135b41650 .functor AND 1, L_0000021135a7c590, L_0000021135b415e0, C4<1>, C4<1>;
L_0000021135b416c0 .functor NOT 1, L_0000021135b308b0, C4<0>, C4<0>, C4<0>;
L_0000021135b41730 .functor AND 1, L_0000021135b41650, L_0000021135b416c0, C4<1>, C4<1>;
L_0000021135b41260 .functor NOT 1, L_0000021135b327f0, C4<0>, C4<0>, C4<0>;
L_0000021135b41880 .functor AND 1, L_0000021135b41730, L_0000021135b41260, C4<1>, C4<1>;
L_0000021135b417a0 .functor NOT 1, L_0000021135b30db0, C4<0>, C4<0>, C4<0>;
L_0000021135b41570 .functor AND 1, L_0000021135b41880, L_0000021135b417a0, C4<1>, C4<1>;
L_0000021135b412d0 .functor NOT 1, L_0000021135b324d0, C4<0>, C4<0>, C4<0>;
L_0000021135b41810 .functor AND 1, L_0000021135b41570, L_0000021135b412d0, C4<1>, C4<1>;
L_0000021135b41960 .functor NOT 1, L_0000021135b30270, C4<0>, C4<0>, C4<0>;
L_0000021135b41500 .functor AND 1, L_0000021135b41810, L_0000021135b41960, C4<1>, C4<1>;
L_0000021135b418f0 .functor NOT 1, L_0000021135b30e50, C4<0>, C4<0>, C4<0>;
L_0000021135b41340 .functor AND 1, L_0000021135b41500, L_0000021135b418f0, C4<1>, C4<1>;
L_0000021135b413b0 .functor AND 1, L_0000021135b41340, L_0000021135b30ef0, C4<1>, C4<1>;
L_0000021135b41420 .functor NOT 1, L_0000021135b31fd0, C4<0>, C4<0>, C4<0>;
L_0000021135b41490 .functor AND 1, L_0000021135b413b0, L_0000021135b41420, C4<1>, C4<1>;
L_0000021135b3e320 .functor NOT 1, L_0000021135b321b0, C4<0>, C4<0>, C4<0>;
L_0000021135b3f5f0 .functor AND 1, L_0000021135b41490, L_0000021135b3e320, C4<1>, C4<1>;
L_0000021135b3e160 .functor NOT 1, L_0000021135b31850, C4<0>, C4<0>, C4<0>;
L_0000021135b3dde0 .functor AND 1, L_0000021135a7c590, L_0000021135b3e160, C4<1>, C4<1>;
L_0000021135b3dd70 .functor NOT 1, L_0000021135b310d0, C4<0>, C4<0>, C4<0>;
L_0000021135b3e240 .functor AND 1, L_0000021135b3dde0, L_0000021135b3dd70, C4<1>, C4<1>;
L_0000021135b3e400 .functor NOT 1, L_0000021135b318f0, C4<0>, C4<0>, C4<0>;
L_0000021135b3e6a0 .functor AND 1, L_0000021135b3e240, L_0000021135b3e400, C4<1>, C4<1>;
L_0000021135b3dd00 .functor NOT 1, L_0000021135b30b30, C4<0>, C4<0>, C4<0>;
L_0000021135b3ea90 .functor AND 1, L_0000021135b3e6a0, L_0000021135b3dd00, C4<1>, C4<1>;
L_0000021135b3e8d0 .functor NOT 1, L_0000021135b30950, C4<0>, C4<0>, C4<0>;
L_0000021135b3e780 .functor AND 1, L_0000021135b3ea90, L_0000021135b3e8d0, C4<1>, C4<1>;
L_0000021135b3f200 .functor NOT 1, L_0000021135b326b0, C4<0>, C4<0>, C4<0>;
L_0000021135b3ecc0 .functor AND 1, L_0000021135b3e780, L_0000021135b3f200, C4<1>, C4<1>;
L_0000021135b3e710 .functor NOT 1, L_0000021135b32570, C4<0>, C4<0>, C4<0>;
L_0000021135b3e7f0 .functor AND 1, L_0000021135b3ecc0, L_0000021135b3e710, C4<1>, C4<1>;
L_0000021135b3eb00 .functor NOT 1, L_0000021135b31990, C4<0>, C4<0>, C4<0>;
L_0000021135b3e940 .functor AND 1, L_0000021135b3e7f0, L_0000021135b3eb00, C4<1>, C4<1>;
L_0000021135b3e1d0 .functor NOT 1, L_0000021135b303b0, C4<0>, C4<0>, C4<0>;
L_0000021135b3e9b0 .functor AND 1, L_0000021135b3e940, L_0000021135b3e1d0, C4<1>, C4<1>;
L_0000021135b3e860 .functor AND 1, L_0000021135b3e9b0, L_0000021135b30450, C4<1>, C4<1>;
L_0000021135b3de50 .functor NOT 1, L_0000021135b304f0, C4<0>, C4<0>, C4<0>;
L_0000021135b3ea20 .functor AND 1, L_0000021135a7c590, L_0000021135b3de50, C4<1>, C4<1>;
L_0000021135b3eb70 .functor NOT 1, L_0000021135b32250, C4<0>, C4<0>, C4<0>;
L_0000021135b3dad0 .functor AND 1, L_0000021135b3ea20, L_0000021135b3eb70, C4<1>, C4<1>;
L_0000021135b3dec0 .functor NOT 1, L_0000021135b31a30, C4<0>, C4<0>, C4<0>;
L_0000021135b3db40 .functor AND 1, L_0000021135b3dad0, L_0000021135b3dec0, C4<1>, C4<1>;
L_0000021135b3e0f0 .functor NOT 1, L_0000021135b32890, C4<0>, C4<0>, C4<0>;
L_0000021135b3e630 .functor AND 1, L_0000021135b3db40, L_0000021135b3e0f0, C4<1>, C4<1>;
L_0000021135b3f4a0 .functor NOT 1, L_0000021135b30590, C4<0>, C4<0>, C4<0>;
L_0000021135b3eda0 .functor AND 1, L_0000021135b3e630, L_0000021135b3f4a0, C4<1>, C4<1>;
L_0000021135b3df30 .functor NOT 1, L_0000021135b31ad0, C4<0>, C4<0>, C4<0>;
L_0000021135b3dfa0 .functor AND 1, L_0000021135b3eda0, L_0000021135b3df30, C4<1>, C4<1>;
L_0000021135b3ebe0 .functor NOT 1, L_0000021135b306d0, C4<0>, C4<0>, C4<0>;
L_0000021135b3ee80 .functor AND 1, L_0000021135b3dfa0, L_0000021135b3ebe0, C4<1>, C4<1>;
L_0000021135b3e010 .functor AND 1, L_0000021135b3ee80, L_0000021135b30770, C4<1>, C4<1>;
L_0000021135b3eef0 .functor NOT 1, L_0000021135b31170, C4<0>, C4<0>, C4<0>;
L_0000021135b3f120 .functor AND 1, L_0000021135b3e010, L_0000021135b3eef0, C4<1>, C4<1>;
L_0000021135b3da60 .functor AND 1, L_0000021135b3f120, L_0000021135b309f0, C4<1>, C4<1>;
L_0000021135b3e470 .functor NOT 1, L_0000021135b31210, C4<0>, C4<0>, C4<0>;
L_0000021135b3e2b0 .functor AND 1, L_0000021135a7c590, L_0000021135b3e470, C4<1>, C4<1>;
L_0000021135b3ec50 .functor AND 1, L_0000021135b3e2b0, L_0000021135b30bd0, C4<1>, C4<1>;
L_0000021135b3ed30 .functor NOT 1, L_0000021135b31b70, C4<0>, C4<0>, C4<0>;
L_0000021135b3dc20 .functor AND 1, L_0000021135b3ec50, L_0000021135b3ed30, C4<1>, C4<1>;
L_0000021135b3ee10 .functor NOT 1, L_0000021135b31c10, C4<0>, C4<0>, C4<0>;
L_0000021135b3ef60 .functor AND 1, L_0000021135b3dc20, L_0000021135b3ee10, C4<1>, C4<1>;
L_0000021135b3efd0 .functor NOT 1, L_0000021135b30d10, C4<0>, C4<0>, C4<0>;
L_0000021135b3f040 .functor AND 1, L_0000021135b3ef60, L_0000021135b3efd0, C4<1>, C4<1>;
L_0000021135b3f0b0 .functor NOT 1, L_0000021135b31d50, C4<0>, C4<0>, C4<0>;
L_0000021135b3e080 .functor AND 1, L_0000021135b3f040, L_0000021135b3f0b0, C4<1>, C4<1>;
L_0000021135b3f190 .functor NOT 1, L_0000021135b32e30, C4<0>, C4<0>, C4<0>;
L_0000021135b3e4e0 .functor AND 1, L_0000021135b3e080, L_0000021135b3f190, C4<1>, C4<1>;
L_0000021135b3f270 .functor AND 1, L_0000021135b3e4e0, L_0000021135b32cf0, C4<1>, C4<1>;
L_0000021135b3e390 .functor NOT 1, L_0000021135b32b10, C4<0>, C4<0>, C4<0>;
L_0000021135b3f2e0 .functor AND 1, L_0000021135b3f270, L_0000021135b3e390, C4<1>, C4<1>;
L_0000021135b3e550 .functor AND 1, L_0000021135b3f2e0, L_0000021135b34ff0, C4<1>, C4<1>;
L_0000021135b3dbb0 .functor NOT 1, L_0000021135b34550, C4<0>, C4<0>, C4<0>;
L_0000021135b3f350 .functor AND 1, L_0000021135a7c590, L_0000021135b3dbb0, C4<1>, C4<1>;
L_0000021135b3f3c0 .functor NOT 1, L_0000021135b33790, C4<0>, C4<0>, C4<0>;
L_0000021135b3f430 .functor AND 1, L_0000021135b3f350, L_0000021135b3f3c0, C4<1>, C4<1>;
L_0000021135b3e5c0 .functor NOT 1, L_0000021135b34870, C4<0>, C4<0>, C4<0>;
L_0000021135b3f510 .functor AND 1, L_0000021135b3f430, L_0000021135b3e5c0, C4<1>, C4<1>;
L_0000021135b3f580 .functor NOT 1, L_0000021135b33ab0, C4<0>, C4<0>, C4<0>;
L_0000021135b3dc90 .functor AND 1, L_0000021135b3f510, L_0000021135b3f580, C4<1>, C4<1>;
L_0000021135b49e00 .functor NOT 1, L_0000021135b33830, C4<0>, C4<0>, C4<0>;
L_0000021135b49d20 .functor AND 1, L_0000021135b3dc90, L_0000021135b49e00, C4<1>, C4<1>;
L_0000021135b4a810 .functor NOT 1, L_0000021135b335b0, C4<0>, C4<0>, C4<0>;
L_0000021135b4b1b0 .functor AND 1, L_0000021135b49d20, L_0000021135b4a810, C4<1>, C4<1>;
L_0000021135b49a80 .functor NOT 1, L_0000021135b33650, C4<0>, C4<0>, C4<0>;
L_0000021135b4b610 .functor AND 1, L_0000021135b4b1b0, L_0000021135b49a80, C4<1>, C4<1>;
L_0000021135b49f50 .functor NOT 1, L_0000021135b34690, C4<0>, C4<0>, C4<0>;
L_0000021135b4a5e0 .functor AND 1, L_0000021135b4b610, L_0000021135b49f50, C4<1>, C4<1>;
L_0000021135b49af0 .functor AND 1, L_0000021135b4a5e0, L_0000021135b32a70, C4<1>, C4<1>;
L_0000021135b4a180 .functor NOT 1, L_0000021135b33f10, C4<0>, C4<0>, C4<0>;
L_0000021135b49e70 .functor AND 1, L_0000021135b49af0, L_0000021135b4a180, C4<1>, C4<1>;
L_0000021135b4b3e0 .functor NOT 1, L_0000021135b338d0, C4<0>, C4<0>, C4<0>;
L_0000021135b4a030 .functor AND 1, L_0000021135a7c590, L_0000021135b4b3e0, C4<1>, C4<1>;
L_0000021135b4a420 .functor NOT 1, L_0000021135b33b50, C4<0>, C4<0>, C4<0>;
L_0000021135b4a6c0 .functor AND 1, L_0000021135b4a030, L_0000021135b4a420, C4<1>, C4<1>;
L_0000021135b49d90 .functor NOT 1, L_0000021135b33330, C4<0>, C4<0>, C4<0>;
L_0000021135b4aab0 .functor AND 1, L_0000021135b4a6c0, L_0000021135b49d90, C4<1>, C4<1>;
L_0000021135b4a8f0 .functor NOT 1, L_0000021135b33150, C4<0>, C4<0>, C4<0>;
L_0000021135b4a7a0 .functor AND 1, L_0000021135b4aab0, L_0000021135b4a8f0, C4<1>, C4<1>;
L_0000021135b4b220 .functor NOT 1, L_0000021135b34eb0, C4<0>, C4<0>, C4<0>;
L_0000021135b4ace0 .functor AND 1, L_0000021135b4a7a0, L_0000021135b4b220, C4<1>, C4<1>;
L_0000021135b4a730 .functor NOT 1, L_0000021135b34d70, C4<0>, C4<0>, C4<0>;
L_0000021135b4a880 .functor AND 1, L_0000021135b4ace0, L_0000021135b4a730, C4<1>, C4<1>;
L_0000021135b4ab20 .functor NOT 1, L_0000021135b33bf0, C4<0>, C4<0>, C4<0>;
L_0000021135b4a960 .functor AND 1, L_0000021135b4a880, L_0000021135b4ab20, C4<1>, C4<1>;
L_0000021135b4a1f0 .functor NOT 1, L_0000021135b32bb0, C4<0>, C4<0>, C4<0>;
L_0000021135b4ac70 .functor AND 1, L_0000021135b4a960, L_0000021135b4a1f0, C4<1>, C4<1>;
L_0000021135b49ee0 .functor AND 1, L_0000021135b4ac70, L_0000021135b35090, C4<1>, C4<1>;
L_0000021135b49bd0 .functor AND 1, L_0000021135b49ee0, L_0000021135b345f0, C4<1>, C4<1>;
L_0000021135b49c40 .functor NOT 1, L_0000021135b33290, C4<0>, C4<0>, C4<0>;
L_0000021135b49fc0 .functor NOT 1, L_0000021135b34050, C4<0>, C4<0>, C4<0>;
L_0000021135b4a9d0 .functor AND 1, L_0000021135b49c40, L_0000021135b49fc0, C4<1>, C4<1>;
L_0000021135b4aa40 .functor NOT 1, L_0000021135b32ed0, C4<0>, C4<0>, C4<0>;
L_0000021135b4ab90 .functor AND 1, L_0000021135b4a9d0, L_0000021135b4aa40, C4<1>, C4<1>;
L_0000021135b4a650 .functor NOT 1, L_0000021135b340f0, C4<0>, C4<0>, C4<0>;
L_0000021135b4af80 .functor AND 1, L_0000021135b4ab90, L_0000021135b4a650, C4<1>, C4<1>;
L_0000021135b4ac00 .functor NOT 1, L_0000021135b33fb0, C4<0>, C4<0>, C4<0>;
L_0000021135b4ad50 .functor AND 1, L_0000021135b4af80, L_0000021135b4ac00, C4<1>, C4<1>;
L_0000021135b4a0a0 .functor AND 1, L_0000021135b4ad50, L_0000021135b32c50, C4<1>, C4<1>;
L_0000021135b4a570 .functor AND 1, L_0000021135b4a0a0, L_0000021135b34730, C4<1>, C4<1>;
L_0000021135b4b140 .functor NOT 1, L_0000021135b33970, C4<0>, C4<0>, C4<0>;
L_0000021135b49cb0 .functor AND 1, L_0000021135b4a570, L_0000021135b4b140, C4<1>, C4<1>;
L_0000021135b4a490 .functor AND 1, L_0000021135b49cb0, L_0000021135b34190, C4<1>, C4<1>;
L_0000021135b4b530 .functor NOT 1, L_0000021135b34af0, C4<0>, C4<0>, C4<0>;
L_0000021135b4adc0 .functor AND 1, L_0000021135b4a490, L_0000021135b4b530, C4<1>, C4<1>;
L_0000021135b4ae30 .functor NOT 1, L_0000021135b347d0, C4<0>, C4<0>, C4<0>;
L_0000021135b4aea0 .functor NOT 1, L_0000021135b33a10, C4<0>, C4<0>, C4<0>;
L_0000021135b4af10 .functor AND 1, L_0000021135b4ae30, L_0000021135b4aea0, C4<1>, C4<1>;
L_0000021135b4a340 .functor AND 1, L_0000021135b4af10, L_0000021135b34910, C4<1>, C4<1>;
L_0000021135b4aff0 .functor NOT 1, L_0000021135b333d0, C4<0>, C4<0>, C4<0>;
L_0000021135b4a500 .functor AND 1, L_0000021135b4a340, L_0000021135b4aff0, C4<1>, C4<1>;
L_0000021135b4b060 .functor NOT 1, L_0000021135b34e10, C4<0>, C4<0>, C4<0>;
L_0000021135b4b0d0 .functor AND 1, L_0000021135b4a500, L_0000021135b4b060, C4<1>, C4<1>;
L_0000021135b4b290 .functor AND 1, L_0000021135b4b0d0, L_0000021135b32d90, C4<1>, C4<1>;
L_0000021135b4a110 .functor AND 1, L_0000021135b4b290, L_0000021135b32f70, C4<1>, C4<1>;
L_0000021135b4b300 .functor NOT 1, L_0000021135b349b0, C4<0>, C4<0>, C4<0>;
L_0000021135b4b370 .functor AND 1, L_0000021135b4a110, L_0000021135b4b300, C4<1>, C4<1>;
L_0000021135b4a260 .functor NOT 1, L_0000021135b34a50, C4<0>, C4<0>, C4<0>;
L_0000021135b4a2d0 .functor AND 1, L_0000021135b4b370, L_0000021135b4a260, C4<1>, C4<1>;
L_0000021135b4a3b0 .functor NOT 1, L_0000021135b33010, C4<0>, C4<0>, C4<0>;
L_0000021135b4b450 .functor AND 1, L_0000021135b4a2d0, L_0000021135b4a3b0, C4<1>, C4<1>;
L_0000021135b4b4c0 .functor AND 1, L_0000021135b4a110, L_0000021135b34230, C4<1>, C4<1>;
L_0000021135b4b5a0 .functor AND 1, L_0000021135b4b4c0, L_0000021135b33c90, C4<1>, C4<1>;
L_0000021135b49b60 .functor AND 1, L_0000021135b4b5a0, L_0000021135b331f0, C4<1>, C4<1>;
L_0000021135b4ba70 .functor AND 1, L_0000021135b4a110, L_0000021135b34b90, C4<1>, C4<1>;
L_0000021135b4cb10 .functor AND 1, L_0000021135b4ba70, L_0000021135b330b0, C4<1>, C4<1>;
L_0000021135b4ca30 .functor NOT 1, L_0000021135b342d0, C4<0>, C4<0>, C4<0>;
L_0000021135b4c640 .functor AND 1, L_0000021135b4cb10, L_0000021135b4ca30, C4<1>, C4<1>;
L_0000021135b4b680 .functor AND 1, L_0000021135b4a110, L_0000021135b336f0, C4<1>, C4<1>;
L_0000021135b4bae0 .functor NOT 1, L_0000021135b33d30, C4<0>, C4<0>, C4<0>;
L_0000021135b4d210 .functor AND 1, L_0000021135b4b680, L_0000021135b4bae0, C4<1>, C4<1>;
L_0000021135b4c020 .functor NOT 1, L_0000021135b33dd0, C4<0>, C4<0>, C4<0>;
L_0000021135b4bdf0 .functor AND 1, L_0000021135b4d210, L_0000021135b4c020, C4<1>, C4<1>;
L_0000021135b4c250 .functor NOT 1, L_0000021135b33470, C4<0>, C4<0>, C4<0>;
L_0000021135b4bfb0 .functor AND 1, L_0000021135b4a110, L_0000021135b4c250, C4<1>, C4<1>;
L_0000021135b4b840 .functor NOT 1, L_0000021135b34f50, C4<0>, C4<0>, C4<0>;
L_0000021135b4d1a0 .functor AND 1, L_0000021135b4bfb0, L_0000021135b4b840, C4<1>, C4<1>;
L_0000021135b4c5d0 .functor NOT 1, L_0000021135b34370, C4<0>, C4<0>, C4<0>;
L_0000021135b4c100 .functor AND 1, L_0000021135b4d1a0, L_0000021135b4c5d0, C4<1>, C4<1>;
L_0000021135b4cb80 .functor NOT 1, L_0000021135b34410, C4<0>, C4<0>, C4<0>;
L_0000021135b4b990 .functor AND 1, L_0000021135b4c100, L_0000021135b4cb80, C4<1>, C4<1>;
L_0000021135b4b920 .functor NOT 1, L_0000021135b33e70, C4<0>, C4<0>, C4<0>;
L_0000021135b4d050 .functor AND 1, L_0000021135b4b990, L_0000021135b4b920, C4<1>, C4<1>;
L_0000021135b4c090 .functor NOT 1, L_0000021135b33510, C4<0>, C4<0>, C4<0>;
L_0000021135b4caa0 .functor AND 1, L_0000021135b4d050, L_0000021135b4c090, C4<1>, C4<1>;
L_0000021135b4cfe0 .functor NOT 1, L_0000021135b344b0, C4<0>, C4<0>, C4<0>;
L_0000021135b4ce90 .functor AND 1, L_0000021135b4caa0, L_0000021135b4cfe0, C4<1>, C4<1>;
L_0000021135b4ba00 .functor AND 1, L_0000021135b4ce90, L_0000021135b34c30, C4<1>, C4<1>;
L_0000021135b4d130 .functor NOT 1, L_0000021135b35130, C4<0>, C4<0>, C4<0>;
L_0000021135b4bb50 .functor AND 1, L_0000021135b4ba00, L_0000021135b4d130, C4<1>, C4<1>;
L_0000021135b4c170 .functor AND 1, L_0000021135b4bb50, L_0000021135b34cd0, C4<1>, C4<1>;
L_0000021135b4c2c0 .functor NOT 1, L_0000021135b351d0, C4<0>, C4<0>, C4<0>;
L_0000021135b4c870 .functor AND 1, L_0000021135b4a110, L_0000021135b4c2c0, C4<1>, C4<1>;
L_0000021135b4b6f0 .functor AND 1, L_0000021135b4c870, L_0000021135b574a0, C4<1>, C4<1>;
L_0000021135b4c9c0 .functor NOT 1, L_0000021135b566e0, C4<0>, C4<0>, C4<0>;
L_0000021135b4cc60 .functor AND 1, L_0000021135b4b6f0, L_0000021135b4c9c0, C4<1>, C4<1>;
L_0000021135b4b760 .functor NOT 1, L_0000021135b570e0, C4<0>, C4<0>, C4<0>;
L_0000021135b4cbf0 .functor AND 1, L_0000021135b4cc60, L_0000021135b4b760, C4<1>, C4<1>;
L_0000021135b4ccd0 .functor NOT 1, L_0000021135b58760, C4<0>, C4<0>, C4<0>;
L_0000021135b4cf70 .functor AND 1, L_0000021135b4cbf0, L_0000021135b4ccd0, C4<1>, C4<1>;
L_0000021135b4ce20 .functor NOT 1, L_0000021135b56780, C4<0>, C4<0>, C4<0>;
L_0000021135b4c6b0 .functor AND 1, L_0000021135b4cf70, L_0000021135b4ce20, C4<1>, C4<1>;
L_0000021135b4bc30 .functor NOT 1, L_0000021135b583a0, C4<0>, C4<0>, C4<0>;
L_0000021135b4b7d0 .functor AND 1, L_0000021135b4c6b0, L_0000021135b4bc30, C4<1>, C4<1>;
L_0000021135b4c8e0 .functor AND 1, L_0000021135b4b7d0, L_0000021135b58800, C4<1>, C4<1>;
L_0000021135b4bf40 .functor NOT 1, L_0000021135b58120, C4<0>, C4<0>, C4<0>;
L_0000021135b4c800 .functor AND 1, L_0000021135b4c8e0, L_0000021135b4bf40, C4<1>, C4<1>;
L_0000021135b4c1e0 .functor AND 1, L_0000021135b4c800, L_0000021135b57360, C4<1>, C4<1>;
L_0000021135b4cd40 .functor NOT 1, L_0000021135b586c0, C4<0>, C4<0>, C4<0>;
L_0000021135b4c720 .functor AND 1, L_0000021135b4a110, L_0000021135b4cd40, C4<1>, C4<1>;
L_0000021135b4c3a0 .functor NOT 1, L_0000021135b563c0, C4<0>, C4<0>, C4<0>;
L_0000021135b4bbc0 .functor AND 1, L_0000021135b4c720, L_0000021135b4c3a0, C4<1>, C4<1>;
L_0000021135b4c330 .functor NOT 1, L_0000021135b58260, C4<0>, C4<0>, C4<0>;
L_0000021135b4d0c0 .functor AND 1, L_0000021135b4bbc0, L_0000021135b4c330, C4<1>, C4<1>;
L_0000021135b4b8b0 .functor NOT 1, L_0000021135b568c0, C4<0>, C4<0>, C4<0>;
L_0000021135b4be60 .functor AND 1, L_0000021135b4d0c0, L_0000021135b4b8b0, C4<1>, C4<1>;
L_0000021135b4bca0 .functor NOT 1, L_0000021135b57400, C4<0>, C4<0>, C4<0>;
L_0000021135b4cdb0 .functor AND 1, L_0000021135b4be60, L_0000021135b4bca0, C4<1>, C4<1>;
L_0000021135b4c410 .functor NOT 1, L_0000021135b572c0, C4<0>, C4<0>, C4<0>;
L_0000021135b4bd10 .functor AND 1, L_0000021135b4cdb0, L_0000021135b4c410, C4<1>, C4<1>;
L_0000021135b4bd80 .functor NOT 1, L_0000021135b56dc0, C4<0>, C4<0>, C4<0>;
L_0000021135b4bed0 .functor AND 1, L_0000021135b4bd10, L_0000021135b4bd80, C4<1>, C4<1>;
L_0000021135b4c480 .functor NOT 1, L_0000021135b56f00, C4<0>, C4<0>, C4<0>;
L_0000021135b4c4f0 .functor AND 1, L_0000021135b4bed0, L_0000021135b4c480, C4<1>, C4<1>;
L_0000021135b4cf00 .functor NOT 1, L_0000021135b588a0, C4<0>, C4<0>, C4<0>;
L_0000021135b4c560 .functor AND 1, L_0000021135b4c4f0, L_0000021135b4cf00, C4<1>, C4<1>;
L_0000021135b4c790 .functor AND 1, L_0000021135b4c560, L_0000021135b58a80, C4<1>, C4<1>;
L_0000021135b4c950 .functor NOT 1, L_0000021135b575e0, C4<0>, C4<0>, C4<0>;
L_0000021135b4d600 .functor AND 1, L_0000021135b4a110, L_0000021135b4c950, C4<1>, C4<1>;
L_0000021135b4d360 .functor AND 1, L_0000021135b4d600, L_0000021135b58300, C4<1>, C4<1>;
L_0000021135b4d910 .functor NOT 1, L_0000021135b57180, C4<0>, C4<0>, C4<0>;
L_0000021135b4d3d0 .functor AND 1, L_0000021135b4d360, L_0000021135b4d910, C4<1>, C4<1>;
L_0000021135b4d590 .functor NOT 1, L_0000021135b56320, C4<0>, C4<0>, C4<0>;
L_0000021135b4d670 .functor AND 1, L_0000021135b4a110, L_0000021135b4d590, C4<1>, C4<1>;
L_0000021135b4d440 .functor AND 1, L_0000021135b4d670, L_0000021135b56be0, C4<1>, C4<1>;
L_0000021135b4d520 .functor AND 1, L_0000021135b4d440, L_0000021135b56460, C4<1>, C4<1>;
L_0000021135b4d4b0 .functor NOT 1, L_0000021135b57cc0, C4<0>, C4<0>, C4<0>;
L_0000021135b4d280 .functor AND 1, L_0000021135b4d4b0, L_0000021135b57540, C4<1>, C4<1>;
L_0000021135b4d7c0 .functor NOT 1, L_0000021135b56820, C4<0>, C4<0>, C4<0>;
L_0000021135b4d8a0 .functor AND 1, L_0000021135b4d280, L_0000021135b4d7c0, C4<1>, C4<1>;
L_0000021135b4d2f0 .functor NOT 1, L_0000021135b57220, C4<0>, C4<0>, C4<0>;
L_0000021135b4d6e0 .functor AND 1, L_0000021135b4d8a0, L_0000021135b4d2f0, C4<1>, C4<1>;
L_0000021135b4d750 .functor NOT 1, L_0000021135b58940, C4<0>, C4<0>, C4<0>;
L_0000021135b4d830 .functor AND 1, L_0000021135b4d6e0, L_0000021135b4d750, C4<1>, C4<1>;
L_0000021135b4d980 .functor AND 1, L_0000021135b4d830, L_0000021135b56960, C4<1>, C4<1>;
L_0000021135b621b0 .functor AND 1, L_0000021135b4d980, L_0000021135b589e0, C4<1>, C4<1>;
L_0000021135b61260 .functor NOT 1, L_0000021135b56b40, C4<0>, C4<0>, C4<0>;
L_0000021135b62060 .functor AND 1, L_0000021135b621b0, L_0000021135b61260, C4<1>, C4<1>;
L_0000021135b61960 .functor AND 1, L_0000021135b62060, L_0000021135b57a40, C4<1>, C4<1>;
L_0000021135b62290 .functor NOT 1, L_0000021135b57040, C4<0>, C4<0>, C4<0>;
L_0000021135b61ea0 .functor AND 1, L_0000021135b61960, L_0000021135b62290, C4<1>, C4<1>;
L_0000021135b62c30 .functor AND 1, L_0000021135b58440, L_0000021135b56500, C4<1>, C4<1>;
L_0000021135b62ca0 .functor NOT 1, L_0000021135b57900, C4<0>, C4<0>, C4<0>;
L_0000021135b61180 .functor AND 1, L_0000021135b62c30, L_0000021135b62ca0, C4<1>, C4<1>;
L_0000021135b620d0 .functor NOT 1, L_0000021135b56a00, C4<0>, C4<0>, C4<0>;
L_0000021135b62370 .functor AND 1, L_0000021135b61180, L_0000021135b620d0, C4<1>, C4<1>;
L_0000021135b612d0 .functor NOT 1, L_0000021135b565a0, C4<0>, C4<0>, C4<0>;
L_0000021135b627d0 .functor AND 1, L_0000021135b62370, L_0000021135b612d0, C4<1>, C4<1>;
L_0000021135b62300 .functor AND 1, L_0000021135b627d0, L_0000021135b56e60, C4<1>, C4<1>;
L_0000021135b61340 .functor AND 1, L_0000021135b62300, L_0000021135b56640, C4<1>, C4<1>;
L_0000021135b61c00 .functor NOT 1, L_0000021135b56c80, C4<0>, C4<0>, C4<0>;
L_0000021135b61ce0 .functor AND 1, L_0000021135b61340, L_0000021135b61c00, C4<1>, C4<1>;
L_0000021135b61880 .functor NOT 1, L_0000021135b57680, C4<0>, C4<0>, C4<0>;
L_0000021135b616c0 .functor AND 1, L_0000021135b61ce0, L_0000021135b61880, C4<1>, C4<1>;
L_0000021135b619d0 .functor NOT 1, L_0000021135b56aa0, C4<0>, C4<0>, C4<0>;
L_0000021135b62140 .functor AND 1, L_0000021135b616c0, L_0000021135b619d0, C4<1>, C4<1>;
L_0000021135b62ae0 .functor NOT 1, L_0000021135b57ae0, C4<0>, C4<0>, C4<0>;
L_0000021135b62220 .functor AND 1, L_0000021135b61340, L_0000021135b62ae0, C4<1>, C4<1>;
L_0000021135b623e0 .functor NOT 1, L_0000021135b56d20, C4<0>, C4<0>, C4<0>;
L_0000021135b61ab0 .functor AND 1, L_0000021135b62220, L_0000021135b623e0, C4<1>, C4<1>;
L_0000021135b618f0 .functor AND 1, L_0000021135b61ab0, L_0000021135b56fa0, C4<1>, C4<1>;
L_0000021135b61810 .functor AND 1, L_0000021135b61340, L_0000021135b57720, C4<1>, C4<1>;
L_0000021135b61420 .functor NOT 1, L_0000021135b577c0, C4<0>, C4<0>, C4<0>;
L_0000021135b61a40 .functor AND 1, L_0000021135b61810, L_0000021135b61420, C4<1>, C4<1>;
L_0000021135b61b20 .functor AND 1, L_0000021135b61a40, L_0000021135b57860, C4<1>, C4<1>;
L_0000021135b62a00 .functor AND 1, L_0000021135b61340, L_0000021135b579a0, C4<1>, C4<1>;
L_0000021135b61f10 .functor AND 1, L_0000021135b62a00, L_0000021135b57b80, C4<1>, C4<1>;
L_0000021135b62450 .functor AND 1, L_0000021135b61f10, L_0000021135b57c20, C4<1>, C4<1>;
L_0000021135b61b90 .functor AND 1, L_0000021135b61340, L_0000021135b57d60, C4<1>, C4<1>;
L_0000021135b61110 .functor NOT 1, L_0000021135b57e00, C4<0>, C4<0>, C4<0>;
L_0000021135b61490 .functor AND 1, L_0000021135b61b90, L_0000021135b61110, C4<1>, C4<1>;
L_0000021135b611f0 .functor NOT 1, L_0000021135b57ea0, C4<0>, C4<0>, C4<0>;
L_0000021135b61ff0 .functor AND 1, L_0000021135b61490, L_0000021135b611f0, C4<1>, C4<1>;
L_0000021135b624c0 .functor AND 1, L_0000021135b61340, L_0000021135b57f40, C4<1>, C4<1>;
L_0000021135b626f0 .functor AND 1, L_0000021135b624c0, L_0000021135b57fe0, C4<1>, C4<1>;
L_0000021135b62530 .functor NOT 1, L_0000021135b584e0, C4<0>, C4<0>, C4<0>;
L_0000021135b61d50 .functor AND 1, L_0000021135b626f0, L_0000021135b62530, C4<1>, C4<1>;
L_0000021135b61c70 .functor AND 1, L_0000021135b58080, L_0000021135b581c0, C4<1>, C4<1>;
L_0000021135b625a0 .functor NOT 1, L_0000021135b58580, C4<0>, C4<0>, C4<0>;
L_0000021135b61dc0 .functor AND 1, L_0000021135b61c70, L_0000021135b625a0, C4<1>, C4<1>;
L_0000021135b613b0 .functor AND 1, L_0000021135b61dc0, L_0000021135b58620, C4<1>, C4<1>;
L_0000021135b61f80 .functor AND 1, L_0000021135b613b0, L_0000021135b59660, C4<1>, C4<1>;
L_0000021135b62610 .functor AND 1, L_0000021135b61f80, L_0000021135b59020, C4<1>, C4<1>;
L_0000021135b62b50 .functor AND 1, L_0000021135b62610, L_0000021135b5a240, C4<1>, C4<1>;
L_0000021135b61500 .functor AND 1, L_0000021135b59ca0, L_0000021135b5b000, C4<1>, C4<1>;
L_0000021135b62680 .functor NOT 1, L_0000021135b598e0, C4<0>, C4<0>, C4<0>;
L_0000021135b62840 .functor AND 1, L_0000021135b61500, L_0000021135b62680, C4<1>, C4<1>;
L_0000021135b62760 .functor NOT 1, L_0000021135b5a740, C4<0>, C4<0>, C4<0>;
L_0000021135b61570 .functor AND 1, L_0000021135b62840, L_0000021135b62760, C4<1>, C4<1>;
L_0000021135b61e30 .functor AND 1, L_0000021135b61570, L_0000021135b58f80, C4<1>, C4<1>;
L_0000021135b628b0 .functor AND 1, L_0000021135b61e30, L_0000021135b592a0, C4<1>, C4<1>;
L_0000021135b62920 .functor AND 1, L_0000021135b628b0, L_0000021135b59840, C4<1>, C4<1>;
L_0000021135b62990 .functor OR 1, L_0000021135a7c590, L_0000021135b4a110, C4<0>, C4<0>;
L_0000021135b62a70 .functor OR 1, L_0000021135b62990, L_0000021135a7bb10, C4<0>, C4<0>;
L_0000021135b62bc0 .functor OR 1, L_0000021135b62a70, L_0000021135b4a570, C4<0>, C4<0>;
L_0000021135b615e0 .functor OR 1, L_0000021135b62bc0, L_0000021135b62b50, C4<0>, C4<0>;
L_0000021135b61730 .functor OR 1, L_0000021135b615e0, L_0000021135b62920, C4<0>, C4<0>;
L_0000021135b617a0 .functor BUFZ 1, L_0000021135b621b0, C4<0>, C4<0>, C4<0>;
L_0000021135b61650 .functor BUFZ 1, L_0000021135b4a570, C4<0>, C4<0>, C4<0>;
L_0000021135b63090 .functor OR 1, L_0000021135b4a110, L_0000021135b621b0, C4<0>, C4<0>;
L_0000021135b631e0 .functor OR 1, L_0000021135b63090, L_0000021135a7bb10, C4<0>, C4<0>;
L_0000021135b632c0 .functor OR 1, L_0000021135b631e0, L_0000021135b4a570, C4<0>, C4<0>;
L_0000021135b62fb0 .functor OR 1, L_0000021135b632c0, L_0000021135b62920, C4<0>, C4<0>;
L_0000021135b63100 .functor OR 1, L_0000021135b4c170, L_0000021135b4c1e0, C4<0>, C4<0>;
L_0000021135b62ed0 .functor OR 1, L_0000021135b63100, L_0000021135b4c790, C4<0>, C4<0>;
L_0000021135b63250 .functor OR 1, L_0000021135b4b450, L_0000021135b4a570, C4<0>, C4<0>;
L_0000021135b633a0 .functor OR 1, L_0000021135b63250, L_0000021135b49b60, C4<0>, C4<0>;
L_0000021135b62d80 .functor OR 1, L_0000021135b633a0, L_0000021135b4c640, C4<0>, C4<0>;
L_0000021135b63020 .functor OR 1, L_0000021135b62d80, L_0000021135b4bdf0, C4<0>, C4<0>;
L_0000021135b63170 .functor OR 1, L_0000021135b63020, L_0000021135b4d3d0, C4<0>, C4<0>;
L_0000021135b62e60 .functor OR 1, L_0000021135b63170, L_0000021135b4d520, C4<0>, C4<0>;
L_0000021135b63330 .functor OR 1, L_0000021135b62e60, L_0000021135b62920, C4<0>, C4<0>;
L_0000021135b63410 .functor BUFZ 1, L_0000021135b621b0, C4<0>, C4<0>, C4<0>;
L_0000021135b62f40 .functor BUFZ 1, L_0000021135b61340, C4<0>, C4<0>, C4<0>;
L_0000021135b62d10 .functor BUFZ 1, L_0000021135a7bb10, C4<0>, C4<0>, C4<0>;
L_0000021135b62df0 .functor BUFZ 1, L_0000021135b62b50, C4<0>, C4<0>, C4<0>;
L_0000021135b5f660 .functor OR 1, L_0000021135b62b50, L_0000021135b62920, C4<0>, C4<0>;
L_0000021135b60540 .functor BUFZ 1, L_0000021135b4a570, C4<0>, C4<0>, C4<0>;
L_0000021135b5fe40 .functor BUFZ 1, L_0000021135b62920, C4<0>, C4<0>, C4<0>;
L_0000021135b5fb30 .functor BUFZ 1, L_0000021135b62b50, C4<0>, C4<0>, C4<0>;
L_0000021135b60e00 .functor OR 1, L_0000021135b62140, L_0000021135b618f0, C4<0>, C4<0>;
L_0000021135b5f820 .functor OR 1, L_0000021135b60e00, L_0000021135b61b20, C4<0>, C4<0>;
L_0000021135b60690 .functor OR 1, L_0000021135b5f820, L_0000021135b62450, C4<0>, C4<0>;
L_0000021135b5feb0 .functor OR 1, L_0000021135b60690, L_0000021135b61ff0, C4<0>, C4<0>;
L_0000021135b5f900 .functor OR 1, L_0000021135b5feb0, L_0000021135b61d50, C4<0>, C4<0>;
L_0000021135b607e0 .functor OR 1, L_0000021135b3da60, L_0000021135b3e550, C4<0>, C4<0>;
L_0000021135b5f6d0 .functor OR 1, L_0000021135b607e0, L_0000021135b4c170, C4<0>, C4<0>;
L_0000021135b60bd0 .functor OR 1, L_0000021135b5f6d0, L_0000021135b4c1e0, C4<0>, C4<0>;
L_0000021135b5f740 .functor OR 1, L_0000021135b60bd0, L_0000021135b62140, C4<0>, C4<0>;
L_0000021135b5f890 .functor OR 1, L_0000021135b40bd0, L_0000021135b40460, C4<0>, C4<0>;
L_0000021135b5f970 .functor OR 1, L_0000021135b5f890, L_0000021135b3e860, C4<0>, C4<0>;
L_0000021135b60fc0 .functor OR 1, L_0000021135b5f970, L_0000021135b3f5f0, C4<0>, C4<0>;
L_0000021135b600e0 .functor OR 1, L_0000021135b60fc0, L_0000021135b49e70, C4<0>, C4<0>;
L_0000021135b5fba0 .functor OR 1, L_0000021135b600e0, L_0000021135b49bd0, C4<0>, C4<0>;
L_0000021135b5f7b0 .functor OR 1, L_0000021135b5fba0, L_0000021135b49b60, C4<0>, C4<0>;
L_0000021135b5fa50 .functor OR 1, L_0000021135b5f7b0, L_0000021135b4c640, C4<0>, C4<0>;
L_0000021135b5f9e0 .functor OR 1, L_0000021135b5fa50, L_0000021135b4bdf0, C4<0>, C4<0>;
L_0000021135b5fac0 .functor OR 1, L_0000021135b5f9e0, L_0000021135b4c790, C4<0>, C4<0>;
L_0000021135b5fcf0 .functor OR 1, L_0000021135b5fac0, L_0000021135b4d3d0, C4<0>, C4<0>;
L_0000021135b609a0 .functor OR 1, L_0000021135b5fcf0, L_0000021135b4d520, C4<0>, C4<0>;
L_0000021135b60f50 .functor OR 1, L_0000021135b609a0, L_0000021135b62450, C4<0>, C4<0>;
L_0000021135b60ee0 .functor OR 1, L_0000021135b60f50, L_0000021135b61d50, C4<0>, C4<0>;
L_0000021135b610a0 .functor OR 1, L_0000021135b40bd0, L_0000021135b40460, C4<0>, C4<0>;
L_0000021135b5ff20 .functor OR 1, L_0000021135b610a0, L_0000021135b403f0, C4<0>, C4<0>;
L_0000021135b5f510 .functor OR 1, L_0000021135b5ff20, L_0000021135b3e860, C4<0>, C4<0>;
L_0000021135b61030 .functor OR 1, L_0000021135b5f510, L_0000021135b3f5f0, C4<0>, C4<0>;
L_0000021135b602a0 .functor OR 1, L_0000021135b61030, L_0000021135b49b60, C4<0>, C4<0>;
L_0000021135b5ff90 .functor OR 1, L_0000021135b602a0, L_0000021135b4c640, C4<0>, C4<0>;
L_0000021135b60e70 .functor OR 1, L_0000021135b5ff90, L_0000021135b4bdf0, C4<0>, C4<0>;
L_0000021135b5fc10 .functor OR 1, L_0000021135b60e70, L_0000021135b4c790, C4<0>, C4<0>;
L_0000021135b60000 .functor OR 1, L_0000021135b5fc10, L_0000021135b618f0, C4<0>, C4<0>;
L_0000021135b60150 .functor OR 1, L_0000021135b60000, L_0000021135b61b20, C4<0>, C4<0>;
L_0000021135b5fc80 .functor OR 1, L_0000021135b60150, L_0000021135b61ff0, C4<0>, C4<0>;
L_0000021135b5f580 .functor OR 1, L_0000021135b4b450, L_0000021135b40d90, C4<0>, C4<0>;
L_0000021135b5fd60 .functor OR 1, L_0000021135b5f580, L_0000021135b40bd0, C4<0>, C4<0>;
L_0000021135b60380 .functor OR 1, L_0000021135b5fd60, L_0000021135b3e860, C4<0>, C4<0>;
L_0000021135b5fdd0 .functor OR 1, L_0000021135b60380, L_0000021135b4a570, C4<0>, C4<0>;
L_0000021135b60070 .functor OR 1, L_0000021135b5fdd0, L_0000021135b621b0, C4<0>, C4<0>;
L_0000021135b5f5f0 .functor OR 1, L_0000021135b60070, L_0000021135b49e70, C4<0>, C4<0>;
L_0000021135b601c0 .functor OR 1, L_0000021135b5f5f0, L_0000021135b49bd0, C4<0>, C4<0>;
L_0000021135b60230 .functor OR 1, L_0000021135b601c0, L_0000021135b49b60, C4<0>, C4<0>;
L_0000021135b60310 .functor OR 1, L_0000021135b60230, L_0000021135b4c790, C4<0>, C4<0>;
L_0000021135b603f0 .functor OR 1, L_0000021135b60310, L_0000021135b4d3d0, C4<0>, C4<0>;
L_0000021135b60460 .functor OR 1, L_0000021135b603f0, L_0000021135b4d520, C4<0>, C4<0>;
L_0000021135b604d0 .functor OR 1, L_0000021135b60460, L_0000021135b62140, C4<0>, C4<0>;
L_0000021135b60d20 .functor OR 1, L_0000021135b604d0, L_0000021135b61b20, C4<0>, C4<0>;
L_0000021135b605b0 .functor OR 1, L_0000021135b60d20, L_0000021135b61ff0, C4<0>, C4<0>;
L_0000021135b60620 .functor OR 1, L_0000021135b605b0, L_0000021135b62920, C4<0>, C4<0>;
L_0000021135b60930 .functor OR 1, L_0000021135b4b450, L_0000021135b40d90, C4<0>, C4<0>;
L_0000021135b60700 .functor OR 1, L_0000021135b60930, L_0000021135b40460, C4<0>, C4<0>;
L_0000021135b60d90 .functor OR 1, L_0000021135b60700, L_0000021135a7bb10, C4<0>, C4<0>;
L_0000021135b60770 .functor OR 1, L_0000021135b60d90, L_0000021135b3e860, C4<0>, C4<0>;
L_0000021135b60850 .functor OR 1, L_0000021135b60770, L_0000021135b3e550, C4<0>, C4<0>;
L_0000021135b608c0 .functor OR 1, L_0000021135b60850, L_0000021135b4a570, C4<0>, C4<0>;
L_0000021135b60a10 .functor OR 1, L_0000021135b608c0, L_0000021135b621b0, C4<0>, C4<0>;
L_0000021135b60a80 .functor OR 1, L_0000021135b60a10, L_0000021135b49bd0, C4<0>, C4<0>;
L_0000021135b60af0 .functor OR 1, L_0000021135b60a80, L_0000021135b4c640, C4<0>, C4<0>;
L_0000021135b60b60 .functor OR 1, L_0000021135b60af0, L_0000021135b4c1e0, C4<0>, C4<0>;
L_0000021135b60c40 .functor OR 1, L_0000021135b60b60, L_0000021135b4c790, C4<0>, C4<0>;
L_0000021135b60cb0 .functor OR 1, L_0000021135b60c40, L_0000021135b4d520, C4<0>, C4<0>;
L_0000021135b71980 .functor OR 1, L_0000021135b60cb0, L_0000021135b62140, C4<0>, C4<0>;
L_0000021135b71d00 .functor OR 1, L_0000021135b71980, L_0000021135b618f0, C4<0>, C4<0>;
L_0000021135b719f0 .functor OR 1, L_0000021135b71d00, L_0000021135b61b20, C4<0>, C4<0>;
L_0000021135b722b0 .functor OR 1, L_0000021135b719f0, L_0000021135b62450, C4<0>, C4<0>;
L_0000021135b71c20 .functor OR 1, L_0000021135b722b0, L_0000021135b62920, C4<0>, C4<0>;
v0000021135aa31f0_0 .net "ALUOp", 4 0, L_0000021135b58e40;  alias, 1 drivers
v0000021135aa2070_0 .net "ALUSrc", 0 0, L_0000021135b62fb0;  alias, 1 drivers
v0000021135aa2110_0 .net "EXTOp", 5 0, L_0000021135b5a9c0;  alias, 1 drivers
v0000021135aa1f30_0 .net "Funct3", 2 0, L_0000021135b2e330;  alias, 1 drivers
v0000021135aa18f0_0 .net "Funct7", 6 0, L_0000021135b2e150;  alias, 1 drivers
v0000021135aa36f0_0 .net "LUI", 0 0, L_0000021135a7bb10;  1 drivers
v0000021135aa21b0_0 .net "Less", 0 0, L_0000021135b5b280;  alias, 1 drivers
v0000021135aa2ed0_0 .net "MemRead", 0 0, L_0000021135b61650;  alias, 1 drivers
v0000021135aa2f70_0 .net "MemWrite", 0 0, L_0000021135b617a0;  alias, 1 drivers
v0000021135aa1530_0 .net "NPCOp", 4 0, L_0000021135b59e80;  alias, 1 drivers
v0000021135aa1670_0 .net "Op", 6 0, L_0000021135b2dc50;  alias, 1 drivers
v0000021135aa2390_0 .net "RegWrite", 0 0, L_0000021135b61730;  alias, 1 drivers
v0000021135aa1cb0_0 .net "WDSel", 1 0, L_0000021135b5a100;  alias, 1 drivers
v0000021135aa2890_0 .net "Zero", 0 0, L_0000021135b5b0a0;  alias, 1 drivers
v0000021135aa1350_0 .net *"_ivl_1", 0 0, L_0000021135b2f050;  1 drivers
v0000021135aa1990_0 .net *"_ivl_10", 0 0, L_0000021135a7b330;  1 drivers
v0000021135aa1b70_0 .net *"_ivl_100", 0 0, L_0000021135b404d0;  1 drivers
v0000021135aa3790_0 .net *"_ivl_1001", 0 0, L_0000021135b56960;  1 drivers
v0000021135aa17b0_0 .net *"_ivl_1002", 0 0, L_0000021135b4d980;  1 drivers
v0000021135aa2cf0_0 .net *"_ivl_1005", 0 0, L_0000021135b589e0;  1 drivers
v0000021135aa3650_0 .net *"_ivl_1009", 0 0, L_0000021135b56b40;  1 drivers
v0000021135aa2e30_0 .net *"_ivl_1010", 0 0, L_0000021135b61260;  1 drivers
v0000021135aa1850_0 .net *"_ivl_1012", 0 0, L_0000021135b62060;  1 drivers
v0000021135aa3290_0 .net *"_ivl_1015", 0 0, L_0000021135b57a40;  1 drivers
v0000021135aa2250_0 .net *"_ivl_1016", 0 0, L_0000021135b61960;  1 drivers
v0000021135aa29d0_0 .net *"_ivl_1019", 0 0, L_0000021135b57040;  1 drivers
v0000021135aa3010_0 .net *"_ivl_102", 0 0, L_0000021135b3f6d0;  1 drivers
v0000021135aa1df0_0 .net *"_ivl_1020", 0 0, L_0000021135b62290;  1 drivers
v0000021135aa13f0_0 .net *"_ivl_1025", 0 0, L_0000021135b58440;  1 drivers
v0000021135aa3510_0 .net *"_ivl_1027", 0 0, L_0000021135b56500;  1 drivers
v0000021135aa2c50_0 .net *"_ivl_1028", 0 0, L_0000021135b62c30;  1 drivers
v0000021135aa2a70_0 .net *"_ivl_1031", 0 0, L_0000021135b57900;  1 drivers
v0000021135aa3470_0 .net *"_ivl_1032", 0 0, L_0000021135b62ca0;  1 drivers
v0000021135aa3830_0 .net *"_ivl_1034", 0 0, L_0000021135b61180;  1 drivers
v0000021135aa2d90_0 .net *"_ivl_1037", 0 0, L_0000021135b56a00;  1 drivers
v0000021135aa3330_0 .net *"_ivl_1038", 0 0, L_0000021135b620d0;  1 drivers
v0000021135aa2430_0 .net *"_ivl_1040", 0 0, L_0000021135b62370;  1 drivers
v0000021135aa1490_0 .net *"_ivl_1043", 0 0, L_0000021135b565a0;  1 drivers
v0000021135aa30b0_0 .net *"_ivl_1044", 0 0, L_0000021135b612d0;  1 drivers
v0000021135aa1a30_0 .net *"_ivl_1046", 0 0, L_0000021135b627d0;  1 drivers
v0000021135aa2b10_0 .net *"_ivl_1049", 0 0, L_0000021135b56e60;  1 drivers
v0000021135aa38d0_0 .net *"_ivl_105", 0 0, L_0000021135b2f910;  1 drivers
v0000021135aa22f0_0 .net *"_ivl_1050", 0 0, L_0000021135b62300;  1 drivers
v0000021135aa24d0_0 .net *"_ivl_1053", 0 0, L_0000021135b56640;  1 drivers
v0000021135aa2bb0_0 .net *"_ivl_1057", 0 0, L_0000021135b56c80;  1 drivers
v0000021135aa3a10_0 .net *"_ivl_1058", 0 0, L_0000021135b61c00;  1 drivers
v0000021135aa33d0_0 .net *"_ivl_106", 0 0, L_0000021135b3f660;  1 drivers
v0000021135aa12b0_0 .net *"_ivl_1060", 0 0, L_0000021135b61ce0;  1 drivers
v0000021135aa3150_0 .net *"_ivl_1063", 0 0, L_0000021135b57680;  1 drivers
v0000021135aa2930_0 .net *"_ivl_1064", 0 0, L_0000021135b61880;  1 drivers
v0000021135aa2610_0 .net *"_ivl_1066", 0 0, L_0000021135b616c0;  1 drivers
v0000021135aa15d0_0 .net *"_ivl_1069", 0 0, L_0000021135b56aa0;  1 drivers
v0000021135aa2570_0 .net *"_ivl_1070", 0 0, L_0000021135b619d0;  1 drivers
v0000021135aa1ad0_0 .net *"_ivl_1075", 0 0, L_0000021135b57ae0;  1 drivers
v0000021135aa1c10_0 .net *"_ivl_1076", 0 0, L_0000021135b62ae0;  1 drivers
v0000021135aa26b0_0 .net *"_ivl_1078", 0 0, L_0000021135b62220;  1 drivers
v0000021135aa2750_0 .net *"_ivl_108", 0 0, L_0000021135b40c40;  1 drivers
v0000021135aa1e90_0 .net *"_ivl_1081", 0 0, L_0000021135b56d20;  1 drivers
v0000021135aa1d50_0 .net *"_ivl_1082", 0 0, L_0000021135b623e0;  1 drivers
v0000021135aa35b0_0 .net *"_ivl_1084", 0 0, L_0000021135b61ab0;  1 drivers
v0000021135aa1fd0_0 .net *"_ivl_1087", 0 0, L_0000021135b56fa0;  1 drivers
v0000021135aa27f0_0 .net *"_ivl_1091", 0 0, L_0000021135b57720;  1 drivers
v0000021135aa3d30_0 .net *"_ivl_1092", 0 0, L_0000021135b61810;  1 drivers
v0000021135aa3ab0_0 .net *"_ivl_1095", 0 0, L_0000021135b577c0;  1 drivers
v0000021135aa4190_0 .net *"_ivl_1096", 0 0, L_0000021135b61420;  1 drivers
v0000021135aa3e70_0 .net *"_ivl_1098", 0 0, L_0000021135b61a40;  1 drivers
v0000021135aa3f10_0 .net *"_ivl_1101", 0 0, L_0000021135b57860;  1 drivers
v0000021135aa3dd0_0 .net *"_ivl_1105", 0 0, L_0000021135b579a0;  1 drivers
v0000021135aa3bf0_0 .net *"_ivl_1106", 0 0, L_0000021135b62a00;  1 drivers
v0000021135aa3b50_0 .net *"_ivl_1109", 0 0, L_0000021135b57b80;  1 drivers
v0000021135aa3fb0_0 .net *"_ivl_111", 0 0, L_0000021135b2faf0;  1 drivers
v0000021135aa4050_0 .net *"_ivl_1110", 0 0, L_0000021135b61f10;  1 drivers
v0000021135aa40f0_0 .net *"_ivl_1113", 0 0, L_0000021135b57c20;  1 drivers
v0000021135aa3c90_0 .net *"_ivl_1117", 0 0, L_0000021135b57d60;  1 drivers
v0000021135b08e30_0 .net *"_ivl_1118", 0 0, L_0000021135b61b90;  1 drivers
v0000021135b089d0_0 .net *"_ivl_112", 0 0, L_0000021135b3f7b0;  1 drivers
v0000021135b0aeb0_0 .net *"_ivl_1121", 0 0, L_0000021135b57e00;  1 drivers
v0000021135b0af50_0 .net *"_ivl_1122", 0 0, L_0000021135b61110;  1 drivers
v0000021135b0acd0_0 .net *"_ivl_1124", 0 0, L_0000021135b61490;  1 drivers
v0000021135b08a70_0 .net *"_ivl_1127", 0 0, L_0000021135b57ea0;  1 drivers
v0000021135b0a230_0 .net *"_ivl_1128", 0 0, L_0000021135b611f0;  1 drivers
v0000021135b09d30_0 .net *"_ivl_1133", 0 0, L_0000021135b57f40;  1 drivers
v0000021135b0a2d0_0 .net *"_ivl_1134", 0 0, L_0000021135b624c0;  1 drivers
v0000021135b09510_0 .net *"_ivl_1137", 0 0, L_0000021135b57fe0;  1 drivers
v0000021135b09e70_0 .net *"_ivl_1138", 0 0, L_0000021135b626f0;  1 drivers
v0000021135b0b130_0 .net *"_ivl_114", 0 0, L_0000021135b40d20;  1 drivers
v0000021135b08ed0_0 .net *"_ivl_1141", 0 0, L_0000021135b584e0;  1 drivers
v0000021135b090b0_0 .net *"_ivl_1142", 0 0, L_0000021135b62530;  1 drivers
v0000021135b098d0_0 .net *"_ivl_1147", 0 0, L_0000021135b58080;  1 drivers
v0000021135b09c90_0 .net *"_ivl_1149", 0 0, L_0000021135b581c0;  1 drivers
v0000021135b0a370_0 .net *"_ivl_1150", 0 0, L_0000021135b61c70;  1 drivers
v0000021135b09f10_0 .net *"_ivl_1153", 0 0, L_0000021135b58580;  1 drivers
v0000021135b0aff0_0 .net *"_ivl_1154", 0 0, L_0000021135b625a0;  1 drivers
v0000021135b095b0_0 .net *"_ivl_1156", 0 0, L_0000021135b61dc0;  1 drivers
v0000021135b08d90_0 .net *"_ivl_1159", 0 0, L_0000021135b58620;  1 drivers
v0000021135b09b50_0 .net *"_ivl_1160", 0 0, L_0000021135b613b0;  1 drivers
v0000021135b0a910_0 .net *"_ivl_1163", 0 0, L_0000021135b59660;  1 drivers
v0000021135b08cf0_0 .net *"_ivl_1164", 0 0, L_0000021135b61f80;  1 drivers
v0000021135b09a10_0 .net *"_ivl_1167", 0 0, L_0000021135b59020;  1 drivers
v0000021135b0a5f0_0 .net *"_ivl_1168", 0 0, L_0000021135b62610;  1 drivers
v0000021135b09fb0_0 .net *"_ivl_117", 0 0, L_0000021135b2fb90;  1 drivers
v0000021135b09830_0 .net *"_ivl_1171", 0 0, L_0000021135b5a240;  1 drivers
v0000021135b0a690_0 .net *"_ivl_1175", 0 0, L_0000021135b59ca0;  1 drivers
v0000021135b09790_0 .net *"_ivl_1177", 0 0, L_0000021135b5b000;  1 drivers
v0000021135b08c50_0 .net *"_ivl_1178", 0 0, L_0000021135b61500;  1 drivers
v0000021135b08f70_0 .net *"_ivl_118", 0 0, L_0000021135b3f820;  1 drivers
v0000021135b09010_0 .net *"_ivl_1181", 0 0, L_0000021135b598e0;  1 drivers
v0000021135b0a0f0_0 .net *"_ivl_1182", 0 0, L_0000021135b62680;  1 drivers
v0000021135b0b090_0 .net *"_ivl_1184", 0 0, L_0000021135b62840;  1 drivers
v0000021135b0a730_0 .net *"_ivl_1187", 0 0, L_0000021135b5a740;  1 drivers
v0000021135b091f0_0 .net *"_ivl_1188", 0 0, L_0000021135b62760;  1 drivers
v0000021135b096f0_0 .net *"_ivl_1190", 0 0, L_0000021135b61570;  1 drivers
v0000021135b0a050_0 .net *"_ivl_1193", 0 0, L_0000021135b58f80;  1 drivers
v0000021135b0a410_0 .net *"_ivl_1194", 0 0, L_0000021135b61e30;  1 drivers
v0000021135b09dd0_0 .net *"_ivl_1197", 0 0, L_0000021135b592a0;  1 drivers
v0000021135b08bb0_0 .net *"_ivl_1198", 0 0, L_0000021135b628b0;  1 drivers
v0000021135b0ae10_0 .net *"_ivl_1201", 0 0, L_0000021135b59840;  1 drivers
v0000021135b09650_0 .net *"_ivl_1204", 0 0, L_0000021135b62990;  1 drivers
v0000021135b08b10_0 .net *"_ivl_1206", 0 0, L_0000021135b62a70;  1 drivers
v0000021135b09970_0 .net *"_ivl_1208", 0 0, L_0000021135b62bc0;  1 drivers
v0000021135b09ab0_0 .net *"_ivl_1210", 0 0, L_0000021135b615e0;  1 drivers
v0000021135b09150_0 .net *"_ivl_1218", 0 0, L_0000021135b63090;  1 drivers
v0000021135b09290_0 .net *"_ivl_1220", 0 0, L_0000021135b631e0;  1 drivers
v0000021135b0a190_0 .net *"_ivl_1222", 0 0, L_0000021135b632c0;  1 drivers
v0000021135b0a4b0_0 .net *"_ivl_1228", 0 0, L_0000021135b63100;  1 drivers
v0000021135b0a550_0 .net *"_ivl_123", 0 0, L_0000021135b2fcd0;  1 drivers
v0000021135b0a7d0_0 .net *"_ivl_1230", 0 0, L_0000021135b62ed0;  1 drivers
v0000021135b0a870_0 .net *"_ivl_1234", 0 0, L_0000021135b63250;  1 drivers
v0000021135b0a9b0_0 .net *"_ivl_1236", 0 0, L_0000021135b633a0;  1 drivers
v0000021135b0aa50_0 .net *"_ivl_1238", 0 0, L_0000021135b62d80;  1 drivers
v0000021135b09330_0 .net *"_ivl_124", 0 0, L_0000021135b407e0;  1 drivers
v0000021135b09bf0_0 .net *"_ivl_1240", 0 0, L_0000021135b63020;  1 drivers
v0000021135b0aaf0_0 .net *"_ivl_1242", 0 0, L_0000021135b63170;  1 drivers
v0000021135b093d0_0 .net *"_ivl_1244", 0 0, L_0000021135b62e60;  1 drivers
v0000021135b0ab90_0 .net *"_ivl_1246", 0 0, L_0000021135b63330;  1 drivers
v0000021135b0ac30_0 .net *"_ivl_1251", 0 0, L_0000021135b63410;  1 drivers
v0000021135b09470_0 .net *"_ivl_1255", 0 0, L_0000021135b62f40;  1 drivers
v0000021135b0ad70_0 .net *"_ivl_1259", 0 0, L_0000021135b62d10;  1 drivers
v0000021135b0d7f0_0 .net *"_ivl_126", 0 0, L_0000021135b400e0;  1 drivers
v0000021135b0c170_0 .net *"_ivl_1264", 0 0, L_0000021135b62df0;  1 drivers
v0000021135b0c990_0 .net *"_ivl_1267", 0 0, L_0000021135b5f660;  1 drivers
v0000021135b0c350_0 .net *"_ivl_1273", 0 0, L_0000021135b60540;  1 drivers
L_0000021135bb0088 .functor BUFT 1, C4<0>, C4<0>, C4<0>, C4<0>;
v0000021135b0ca30_0 .net/2s *"_ivl_1276", 0 0, L_0000021135bb0088;  1 drivers
L_0000021135bb00d0 .functor BUFT 1, C4<0>, C4<0>, C4<0>, C4<0>;
v0000021135b0d930_0 .net/2s *"_ivl_1280", 0 0, L_0000021135bb00d0;  1 drivers
v0000021135b0b9f0_0 .net *"_ivl_1285", 0 0, L_0000021135b5fe40;  1 drivers
v0000021135b0c8f0_0 .net *"_ivl_1289", 0 0, L_0000021135b5fb30;  1 drivers
v0000021135b0bc70_0 .net *"_ivl_129", 0 0, L_0000021135b2fd70;  1 drivers
v0000021135b0b6d0_0 .net *"_ivl_1293", 0 0, L_0000021135b60e00;  1 drivers
v0000021135b0b630_0 .net *"_ivl_1295", 0 0, L_0000021135b5f820;  1 drivers
v0000021135b0b1d0_0 .net *"_ivl_1297", 0 0, L_0000021135b60690;  1 drivers
v0000021135b0d6b0_0 .net *"_ivl_1299", 0 0, L_0000021135b5feb0;  1 drivers
v0000021135b0d750_0 .net *"_ivl_13", 0 0, L_0000021135b2e510;  1 drivers
v0000021135b0d4d0_0 .net *"_ivl_130", 0 0, L_0000021135b40ee0;  1 drivers
v0000021135b0b270_0 .net *"_ivl_1301", 0 0, L_0000021135b5f900;  1 drivers
v0000021135b0cad0_0 .net *"_ivl_1305", 0 0, L_0000021135b607e0;  1 drivers
v0000021135b0c530_0 .net *"_ivl_1307", 0 0, L_0000021135b5f6d0;  1 drivers
v0000021135b0cb70_0 .net *"_ivl_1309", 0 0, L_0000021135b60bd0;  1 drivers
v0000021135b0bd10_0 .net *"_ivl_1311", 0 0, L_0000021135b5f740;  1 drivers
v0000021135b0c670_0 .net *"_ivl_1315", 0 0, L_0000021135b5f890;  1 drivers
v0000021135b0b310_0 .net *"_ivl_1317", 0 0, L_0000021135b5f970;  1 drivers
v0000021135b0b770_0 .net *"_ivl_1319", 0 0, L_0000021135b60fc0;  1 drivers
v0000021135b0cc10_0 .net *"_ivl_1321", 0 0, L_0000021135b600e0;  1 drivers
v0000021135b0b810_0 .net *"_ivl_1323", 0 0, L_0000021135b5fba0;  1 drivers
v0000021135b0be50_0 .net *"_ivl_1325", 0 0, L_0000021135b5f7b0;  1 drivers
v0000021135b0b8b0_0 .net *"_ivl_1327", 0 0, L_0000021135b5fa50;  1 drivers
v0000021135b0bef0_0 .net *"_ivl_1329", 0 0, L_0000021135b5f9e0;  1 drivers
v0000021135b0bf90_0 .net *"_ivl_133", 0 0, L_0000021135b31cb0;  1 drivers
v0000021135b0c5d0_0 .net *"_ivl_1331", 0 0, L_0000021135b5fac0;  1 drivers
v0000021135b0b450_0 .net *"_ivl_1333", 0 0, L_0000021135b5fcf0;  1 drivers
v0000021135b0b590_0 .net *"_ivl_1335", 0 0, L_0000021135b609a0;  1 drivers
v0000021135b0c2b0_0 .net *"_ivl_1337", 0 0, L_0000021135b60f50;  1 drivers
v0000021135b0ccb0_0 .net *"_ivl_1339", 0 0, L_0000021135b60ee0;  1 drivers
v0000021135b0d890_0 .net *"_ivl_134", 0 0, L_0000021135b40700;  1 drivers
v0000021135b0b3b0_0 .net *"_ivl_1343", 0 0, L_0000021135b610a0;  1 drivers
v0000021135b0b4f0_0 .net *"_ivl_1345", 0 0, L_0000021135b5ff20;  1 drivers
v0000021135b0b950_0 .net *"_ivl_1347", 0 0, L_0000021135b5f510;  1 drivers
v0000021135b0ba90_0 .net *"_ivl_1349", 0 0, L_0000021135b61030;  1 drivers
v0000021135b0cd50_0 .net *"_ivl_1351", 0 0, L_0000021135b602a0;  1 drivers
v0000021135b0d110_0 .net *"_ivl_1353", 0 0, L_0000021135b5ff90;  1 drivers
v0000021135b0bb30_0 .net *"_ivl_1355", 0 0, L_0000021135b60e70;  1 drivers
v0000021135b0bbd0_0 .net *"_ivl_1357", 0 0, L_0000021135b5fc10;  1 drivers
v0000021135b0d390_0 .net *"_ivl_1359", 0 0, L_0000021135b60000;  1 drivers
v0000021135b0bdb0_0 .net *"_ivl_136", 0 0, L_0000021135b40a10;  1 drivers
v0000021135b0cdf0_0 .net *"_ivl_1361", 0 0, L_0000021135b60150;  1 drivers
v0000021135b0c3f0_0 .net *"_ivl_1363", 0 0, L_0000021135b5fc80;  1 drivers
v0000021135b0c030_0 .net *"_ivl_1367", 0 0, L_0000021135b5f580;  1 drivers
v0000021135b0d250_0 .net *"_ivl_1369", 0 0, L_0000021135b5fd60;  1 drivers
v0000021135b0c0d0_0 .net *"_ivl_1371", 0 0, L_0000021135b60380;  1 drivers
v0000021135b0ce90_0 .net *"_ivl_1373", 0 0, L_0000021135b5fdd0;  1 drivers
v0000021135b0c490_0 .net *"_ivl_1375", 0 0, L_0000021135b60070;  1 drivers
v0000021135b0c210_0 .net *"_ivl_1377", 0 0, L_0000021135b5f5f0;  1 drivers
v0000021135b0c710_0 .net *"_ivl_1379", 0 0, L_0000021135b601c0;  1 drivers
v0000021135b0c7b0_0 .net *"_ivl_1381", 0 0, L_0000021135b60230;  1 drivers
v0000021135b0c850_0 .net *"_ivl_1383", 0 0, L_0000021135b60310;  1 drivers
v0000021135b0cf30_0 .net *"_ivl_1385", 0 0, L_0000021135b603f0;  1 drivers
v0000021135b0cfd0_0 .net *"_ivl_1387", 0 0, L_0000021135b60460;  1 drivers
v0000021135b0d070_0 .net *"_ivl_1389", 0 0, L_0000021135b604d0;  1 drivers
v0000021135b0d1b0_0 .net *"_ivl_139", 0 0, L_0000021135b30c70;  1 drivers
v0000021135b0d2f0_0 .net *"_ivl_1391", 0 0, L_0000021135b60d20;  1 drivers
v0000021135b0d430_0 .net *"_ivl_1393", 0 0, L_0000021135b605b0;  1 drivers
v0000021135b0d570_0 .net *"_ivl_1395", 0 0, L_0000021135b60620;  1 drivers
v0000021135b0d610_0 .net *"_ivl_14", 0 0, L_0000021135a7b950;  1 drivers
v0000021135b0dbb0_0 .net *"_ivl_140", 0 0, L_0000021135b3fac0;  1 drivers
v0000021135b0da70_0 .net *"_ivl_1400", 0 0, L_0000021135b60930;  1 drivers
v0000021135b0ded0_0 .net *"_ivl_1402", 0 0, L_0000021135b60700;  1 drivers
v0000021135b0df70_0 .net *"_ivl_1404", 0 0, L_0000021135b60d90;  1 drivers
v0000021135b0dc50_0 .net *"_ivl_1406", 0 0, L_0000021135b60770;  1 drivers
v0000021135b0e0b0_0 .net *"_ivl_1408", 0 0, L_0000021135b60850;  1 drivers
v0000021135b0e010_0 .net *"_ivl_1410", 0 0, L_0000021135b608c0;  1 drivers
v0000021135b0d9d0_0 .net *"_ivl_1412", 0 0, L_0000021135b60a10;  1 drivers
v0000021135b0dd90_0 .net *"_ivl_1414", 0 0, L_0000021135b60a80;  1 drivers
v0000021135b0db10_0 .net *"_ivl_1416", 0 0, L_0000021135b60af0;  1 drivers
v0000021135b0dcf0_0 .net *"_ivl_1418", 0 0, L_0000021135b60b60;  1 drivers
v0000021135b0de30_0 .net *"_ivl_142", 0 0, L_0000021135b40690;  1 drivers
v0000021135b061d0_0 .net *"_ivl_1420", 0 0, L_0000021135b60c40;  1 drivers
v0000021135b06ef0_0 .net *"_ivl_1422", 0 0, L_0000021135b60cb0;  1 drivers
v0000021135b07530_0 .net *"_ivl_1424", 0 0, L_0000021135b71980;  1 drivers
v0000021135b06450_0 .net *"_ivl_1426", 0 0, L_0000021135b71d00;  1 drivers
v0000021135b06590_0 .net *"_ivl_1428", 0 0, L_0000021135b719f0;  1 drivers
v0000021135b072b0_0 .net *"_ivl_1430", 0 0, L_0000021135b722b0;  1 drivers
v0000021135b078f0_0 .net *"_ivl_1432", 0 0, L_0000021135b71c20;  1 drivers
v0000021135b068b0_0 .net *"_ivl_145", 0 0, L_0000021135b32390;  1 drivers
v0000021135b070d0_0 .net *"_ivl_146", 0 0, L_0000021135b3fa50;  1 drivers
v0000021135b07490_0 .net *"_ivl_148", 0 0, L_0000021135b40e00;  1 drivers
v0000021135b07b70_0 .net *"_ivl_151", 0 0, L_0000021135b329d0;  1 drivers
v0000021135b07670_0 .net *"_ivl_152", 0 0, L_0000021135b410a0;  1 drivers
v0000021135b08750_0 .net *"_ivl_154", 0 0, L_0000021135b41030;  1 drivers
v0000021135b06db0_0 .net *"_ivl_157", 0 0, L_0000021135b312b0;  1 drivers
v0000021135b06630_0 .net *"_ivl_158", 0 0, L_0000021135b40000;  1 drivers
v0000021135b07350_0 .net *"_ivl_16", 0 0, L_0000021135a7baa0;  1 drivers
v0000021135b08110_0 .net *"_ivl_160", 0 0, L_0000021135b40380;  1 drivers
v0000021135b064f0_0 .net *"_ivl_163", 0 0, L_0000021135b30810;  1 drivers
v0000021135b07210_0 .net *"_ivl_164", 0 0, L_0000021135b41110;  1 drivers
v0000021135b07df0_0 .net *"_ivl_166", 0 0, L_0000021135b3fd60;  1 drivers
v0000021135b07710_0 .net *"_ivl_169", 0 0, L_0000021135b31030;  1 drivers
v0000021135b07030_0 .net *"_ivl_170", 0 0, L_0000021135b3f970;  1 drivers
v0000021135b07e90_0 .net *"_ivl_172", 0 0, L_0000021135b3fe40;  1 drivers
v0000021135b06f90_0 .net *"_ivl_175", 0 0, L_0000021135b31350;  1 drivers
v0000021135b066d0_0 .net *"_ivl_176", 0 0, L_0000021135b402a0;  1 drivers
v0000021135b06770_0 .net *"_ivl_181", 0 0, L_0000021135b32070;  1 drivers
v0000021135b06810_0 .net *"_ivl_182", 0 0, L_0000021135b41180;  1 drivers
v0000021135b07990_0 .net *"_ivl_184", 0 0, L_0000021135b3fdd0;  1 drivers
v0000021135b08890_0 .net *"_ivl_187", 0 0, L_0000021135b30310;  1 drivers
v0000021135b07f30_0 .net *"_ivl_188", 0 0, L_0000021135b40150;  1 drivers
v0000021135b069f0_0 .net *"_ivl_19", 0 0, L_0000021135b2f2d0;  1 drivers
v0000021135b07170_0 .net *"_ivl_190", 0 0, L_0000021135b3fc80;  1 drivers
v0000021135b077b0_0 .net *"_ivl_193", 0 0, L_0000021135b31710;  1 drivers
v0000021135b07c10_0 .net *"_ivl_194", 0 0, L_0000021135b3f9e0;  1 drivers
v0000021135b075d0_0 .net *"_ivl_196", 0 0, L_0000021135b3feb0;  1 drivers
v0000021135b063b0_0 .net *"_ivl_199", 0 0, L_0000021135b31df0;  1 drivers
v0000021135b08610_0 .net *"_ivl_2", 0 0, L_0000021135a7c130;  1 drivers
v0000021135b06e50_0 .net *"_ivl_20", 0 0, L_0000021135a7c910;  1 drivers
v0000021135b086b0_0 .net *"_ivl_200", 0 0, L_0000021135b411f0;  1 drivers
v0000021135b073f0_0 .net *"_ivl_202", 0 0, L_0000021135b40cb0;  1 drivers
v0000021135b07850_0 .net *"_ivl_205", 0 0, L_0000021135b32930;  1 drivers
v0000021135b08930_0 .net *"_ivl_206", 0 0, L_0000021135b40a80;  1 drivers
v0000021135b06950_0 .net *"_ivl_208", 0 0, L_0000021135b3fcf0;  1 drivers
v0000021135b07a30_0 .net *"_ivl_211", 0 0, L_0000021135b31f30;  1 drivers
v0000021135b07ad0_0 .net *"_ivl_212", 0 0, L_0000021135b40e70;  1 drivers
v0000021135b06310_0 .net *"_ivl_214", 0 0, L_0000021135b3f890;  1 drivers
v0000021135b07cb0_0 .net *"_ivl_217", 0 0, L_0000021135b32430;  1 drivers
v0000021135b087f0_0 .net *"_ivl_218", 0 0, L_0000021135b401c0;  1 drivers
v0000021135b07d50_0 .net *"_ivl_220", 0 0, L_0000021135b40930;  1 drivers
v0000021135b07fd0_0 .net *"_ivl_223", 0 0, L_0000021135b30a90;  1 drivers
v0000021135b08070_0 .net *"_ivl_224", 0 0, L_0000021135b3fc10;  1 drivers
v0000021135b081b0_0 .net *"_ivl_227", 0 0, L_0000021135b31e90;  1 drivers
v0000021135b06270_0 .net *"_ivl_228", 0 0, L_0000021135b3f740;  1 drivers
v0000021135b06a90_0 .net *"_ivl_23", 0 0, L_0000021135b2f730;  1 drivers
v0000021135b08250_0 .net *"_ivl_231", 0 0, L_0000021135b31530;  1 drivers
v0000021135b06c70_0 .net *"_ivl_232", 0 0, L_0000021135b3f900;  1 drivers
v0000021135b06b30_0 .net *"_ivl_237", 0 0, L_0000021135b315d0;  1 drivers
v0000021135b06bd0_0 .net *"_ivl_238", 0 0, L_0000021135b40f50;  1 drivers
v0000021135b06d10_0 .net *"_ivl_24", 0 0, L_0000021135a7c830;  1 drivers
v0000021135b082f0_0 .net *"_ivl_240", 0 0, L_0000021135b40230;  1 drivers
v0000021135b08390_0 .net *"_ivl_243", 0 0, L_0000021135b32110;  1 drivers
v0000021135b084d0_0 .net *"_ivl_244", 0 0, L_0000021135b3fb30;  1 drivers
v0000021135b08430_0 .net *"_ivl_246", 0 0, L_0000021135b3fba0;  1 drivers
v0000021135b08570_0 .net *"_ivl_249", 0 0, L_0000021135b31670;  1 drivers
v0000021135b1bf70_0 .net *"_ivl_250", 0 0, L_0000021135b40310;  1 drivers
v0000021135b1c970_0 .net *"_ivl_252", 0 0, L_0000021135b40620;  1 drivers
v0000021135b1afd0_0 .net *"_ivl_255", 0 0, L_0000021135b313f0;  1 drivers
v0000021135b1c790_0 .net *"_ivl_256", 0 0, L_0000021135b3ff20;  1 drivers
v0000021135b1c150_0 .net *"_ivl_258", 0 0, L_0000021135b3ff90;  1 drivers
v0000021135b1a350_0 .net *"_ivl_261", 0 0, L_0000021135b30630;  1 drivers
v0000021135b1b070_0 .net *"_ivl_262", 0 0, L_0000021135b40540;  1 drivers
v0000021135b1c650_0 .net *"_ivl_264", 0 0, L_0000021135b40770;  1 drivers
v0000021135b1ad50_0 .net *"_ivl_267", 0 0, L_0000021135b322f0;  1 drivers
v0000021135b1a990_0 .net *"_ivl_268", 0 0, L_0000021135b405b0;  1 drivers
v0000021135b1a210_0 .net *"_ivl_27", 0 0, L_0000021135b2eab0;  1 drivers
v0000021135b1af30_0 .net *"_ivl_270", 0 0, L_0000021135b40850;  1 drivers
v0000021135b1b570_0 .net *"_ivl_273", 0 0, L_0000021135b32750;  1 drivers
v0000021135b1a490_0 .net *"_ivl_274", 0 0, L_0000021135b408c0;  1 drivers
v0000021135b1a5d0_0 .net *"_ivl_276", 0 0, L_0000021135b409a0;  1 drivers
v0000021135b1b2f0_0 .net *"_ivl_279", 0 0, L_0000021135b30f90;  1 drivers
v0000021135b1b930_0 .net *"_ivl_280", 0 0, L_0000021135b40af0;  1 drivers
v0000021135b1a8f0_0 .net *"_ivl_283", 0 0, L_0000021135b31490;  1 drivers
v0000021135b1b110_0 .net *"_ivl_284", 0 0, L_0000021135b40b60;  1 drivers
v0000021135b1b4d0_0 .net *"_ivl_287", 0 0, L_0000021135b32610;  1 drivers
v0000021135b1bbb0_0 .net *"_ivl_291", 0 0, L_0000021135b317b0;  1 drivers
v0000021135b1b6b0_0 .net *"_ivl_292", 0 0, L_0000021135b415e0;  1 drivers
v0000021135b1c830_0 .net *"_ivl_294", 0 0, L_0000021135b41650;  1 drivers
v0000021135b1adf0_0 .net *"_ivl_297", 0 0, L_0000021135b308b0;  1 drivers
v0000021135b1a670_0 .net *"_ivl_298", 0 0, L_0000021135b416c0;  1 drivers
v0000021135b1b390_0 .net *"_ivl_300", 0 0, L_0000021135b41730;  1 drivers
v0000021135b1c1f0_0 .net *"_ivl_303", 0 0, L_0000021135b327f0;  1 drivers
v0000021135b1a530_0 .net *"_ivl_304", 0 0, L_0000021135b41260;  1 drivers
v0000021135b1b250_0 .net *"_ivl_306", 0 0, L_0000021135b41880;  1 drivers
v0000021135b1be30_0 .net *"_ivl_309", 0 0, L_0000021135b30db0;  1 drivers
v0000021135b1b750_0 .net *"_ivl_31", 0 0, L_0000021135b2e5b0;  1 drivers
v0000021135b1b1b0_0 .net *"_ivl_310", 0 0, L_0000021135b417a0;  1 drivers
v0000021135b1bed0_0 .net *"_ivl_312", 0 0, L_0000021135b41570;  1 drivers
v0000021135b1b430_0 .net *"_ivl_315", 0 0, L_0000021135b324d0;  1 drivers
v0000021135b1a710_0 .net *"_ivl_316", 0 0, L_0000021135b412d0;  1 drivers
v0000021135b1a7b0_0 .net *"_ivl_318", 0 0, L_0000021135b41810;  1 drivers
v0000021135b1a850_0 .net *"_ivl_32", 0 0, L_0000021135a7c1a0;  1 drivers
v0000021135b1b9d0_0 .net *"_ivl_321", 0 0, L_0000021135b30270;  1 drivers
v0000021135b1c8d0_0 .net *"_ivl_322", 0 0, L_0000021135b41960;  1 drivers
v0000021135b1c010_0 .net *"_ivl_324", 0 0, L_0000021135b41500;  1 drivers
v0000021135b1aa30_0 .net *"_ivl_327", 0 0, L_0000021135b30e50;  1 drivers
v0000021135b1b610_0 .net *"_ivl_328", 0 0, L_0000021135b418f0;  1 drivers
v0000021135b1b7f0_0 .net *"_ivl_330", 0 0, L_0000021135b41340;  1 drivers
v0000021135b1bc50_0 .net *"_ivl_333", 0 0, L_0000021135b30ef0;  1 drivers
v0000021135b1b890_0 .net *"_ivl_334", 0 0, L_0000021135b413b0;  1 drivers
v0000021135b1a3f0_0 .net *"_ivl_337", 0 0, L_0000021135b31fd0;  1 drivers
v0000021135b1c6f0_0 .net *"_ivl_338", 0 0, L_0000021135b41420;  1 drivers
v0000021135b1ae90_0 .net *"_ivl_340", 0 0, L_0000021135b41490;  1 drivers
v0000021135b1a2b0_0 .net *"_ivl_343", 0 0, L_0000021135b321b0;  1 drivers
v0000021135b1ba70_0 .net *"_ivl_344", 0 0, L_0000021135b3e320;  1 drivers
v0000021135b1bb10_0 .net *"_ivl_349", 0 0, L_0000021135b31850;  1 drivers
v0000021135b1aad0_0 .net *"_ivl_35", 0 0, L_0000021135b2e6f0;  1 drivers
v0000021135b1ab70_0 .net *"_ivl_350", 0 0, L_0000021135b3e160;  1 drivers
v0000021135b1bcf0_0 .net *"_ivl_352", 0 0, L_0000021135b3dde0;  1 drivers
v0000021135b1bd90_0 .net *"_ivl_355", 0 0, L_0000021135b310d0;  1 drivers
v0000021135b1c0b0_0 .net *"_ivl_356", 0 0, L_0000021135b3dd70;  1 drivers
v0000021135b1c290_0 .net *"_ivl_358", 0 0, L_0000021135b3e240;  1 drivers
v0000021135b1c330_0 .net *"_ivl_36", 0 0, L_0000021135a7c3d0;  1 drivers
v0000021135b1c3d0_0 .net *"_ivl_361", 0 0, L_0000021135b318f0;  1 drivers
v0000021135b1c470_0 .net *"_ivl_362", 0 0, L_0000021135b3e400;  1 drivers
v0000021135b1ac10_0 .net *"_ivl_364", 0 0, L_0000021135b3e6a0;  1 drivers
v0000021135b1c510_0 .net *"_ivl_367", 0 0, L_0000021135b30b30;  1 drivers
v0000021135b1c5b0_0 .net *"_ivl_368", 0 0, L_0000021135b3dd00;  1 drivers
v0000021135b1acb0_0 .net *"_ivl_370", 0 0, L_0000021135b3ea90;  1 drivers
v0000021135b1f0d0_0 .net *"_ivl_373", 0 0, L_0000021135b30950;  1 drivers
v0000021135b1e770_0 .net *"_ivl_374", 0 0, L_0000021135b3e8d0;  1 drivers
v0000021135b1d230_0 .net *"_ivl_376", 0 0, L_0000021135b3e780;  1 drivers
v0000021135b1d730_0 .net *"_ivl_379", 0 0, L_0000021135b326b0;  1 drivers
v0000021135b1dff0_0 .net *"_ivl_380", 0 0, L_0000021135b3f200;  1 drivers
v0000021135b1e450_0 .net *"_ivl_382", 0 0, L_0000021135b3ecc0;  1 drivers
v0000021135b1dcd0_0 .net *"_ivl_385", 0 0, L_0000021135b32570;  1 drivers
v0000021135b1cbf0_0 .net *"_ivl_386", 0 0, L_0000021135b3e710;  1 drivers
v0000021135b1ee50_0 .net *"_ivl_388", 0 0, L_0000021135b3e7f0;  1 drivers
v0000021135b1d690_0 .net *"_ivl_39", 0 0, L_0000021135b2e970;  1 drivers
v0000021135b1eef0_0 .net *"_ivl_391", 0 0, L_0000021135b31990;  1 drivers
v0000021135b1d910_0 .net *"_ivl_392", 0 0, L_0000021135b3eb00;  1 drivers
v0000021135b1daf0_0 .net *"_ivl_394", 0 0, L_0000021135b3e940;  1 drivers
v0000021135b1f170_0 .net *"_ivl_397", 0 0, L_0000021135b303b0;  1 drivers
v0000021135b1cdd0_0 .net *"_ivl_398", 0 0, L_0000021135b3e1d0;  1 drivers
v0000021135b1deb0_0 .net *"_ivl_40", 0 0, L_0000021135a7bb80;  1 drivers
v0000021135b1e310_0 .net *"_ivl_400", 0 0, L_0000021135b3e9b0;  1 drivers
v0000021135b1dd70_0 .net *"_ivl_403", 0 0, L_0000021135b30450;  1 drivers
v0000021135b1df50_0 .net *"_ivl_407", 0 0, L_0000021135b304f0;  1 drivers
v0000021135b1e090_0 .net *"_ivl_408", 0 0, L_0000021135b3de50;  1 drivers
v0000021135b1e950_0 .net *"_ivl_410", 0 0, L_0000021135b3ea20;  1 drivers
v0000021135b1e4f0_0 .net *"_ivl_413", 0 0, L_0000021135b32250;  1 drivers
v0000021135b1ef90_0 .net *"_ivl_414", 0 0, L_0000021135b3eb70;  1 drivers
v0000021135b1d7d0_0 .net *"_ivl_416", 0 0, L_0000021135b3dad0;  1 drivers
v0000021135b1d870_0 .net *"_ivl_419", 0 0, L_0000021135b31a30;  1 drivers
v0000021135b1ca10_0 .net *"_ivl_420", 0 0, L_0000021135b3dec0;  1 drivers
v0000021135b1db90_0 .net *"_ivl_422", 0 0, L_0000021135b3db40;  1 drivers
v0000021135b1e130_0 .net *"_ivl_425", 0 0, L_0000021135b32890;  1 drivers
v0000021135b1cb50_0 .net *"_ivl_426", 0 0, L_0000021135b3e0f0;  1 drivers
v0000021135b1d9b0_0 .net *"_ivl_428", 0 0, L_0000021135b3e630;  1 drivers
v0000021135b1f030_0 .net *"_ivl_43", 0 0, L_0000021135b2ea10;  1 drivers
v0000021135b1da50_0 .net *"_ivl_431", 0 0, L_0000021135b30590;  1 drivers
v0000021135b1e1d0_0 .net *"_ivl_432", 0 0, L_0000021135b3f4a0;  1 drivers
v0000021135b1dc30_0 .net *"_ivl_434", 0 0, L_0000021135b3eda0;  1 drivers
v0000021135b1e270_0 .net *"_ivl_437", 0 0, L_0000021135b31ad0;  1 drivers
v0000021135b1cab0_0 .net *"_ivl_438", 0 0, L_0000021135b3df30;  1 drivers
v0000021135b1d2d0_0 .net *"_ivl_44", 0 0, L_0000021135a7c440;  1 drivers
v0000021135b1e3b0_0 .net *"_ivl_440", 0 0, L_0000021135b3dfa0;  1 drivers
v0000021135b1d4b0_0 .net *"_ivl_443", 0 0, L_0000021135b306d0;  1 drivers
v0000021135b1cf10_0 .net *"_ivl_444", 0 0, L_0000021135b3ebe0;  1 drivers
v0000021135b1ce70_0 .net *"_ivl_446", 0 0, L_0000021135b3ee80;  1 drivers
v0000021135b1cc90_0 .net *"_ivl_449", 0 0, L_0000021135b30770;  1 drivers
v0000021135b1cd30_0 .net *"_ivl_450", 0 0, L_0000021135b3e010;  1 drivers
v0000021135b1cfb0_0 .net *"_ivl_453", 0 0, L_0000021135b31170;  1 drivers
v0000021135b1ed10_0 .net *"_ivl_454", 0 0, L_0000021135b3eef0;  1 drivers
v0000021135b1d050_0 .net *"_ivl_456", 0 0, L_0000021135b3f120;  1 drivers
v0000021135b1e590_0 .net *"_ivl_459", 0 0, L_0000021135b309f0;  1 drivers
v0000021135b1de10_0 .net *"_ivl_46", 0 0, L_0000021135a7b4f0;  1 drivers
v0000021135b1e630_0 .net *"_ivl_463", 0 0, L_0000021135b31210;  1 drivers
v0000021135b1d550_0 .net *"_ivl_464", 0 0, L_0000021135b3e470;  1 drivers
v0000021135b1e6d0_0 .net *"_ivl_466", 0 0, L_0000021135b3e2b0;  1 drivers
v0000021135b1d0f0_0 .net *"_ivl_469", 0 0, L_0000021135b30bd0;  1 drivers
v0000021135b1d190_0 .net *"_ivl_470", 0 0, L_0000021135b3ec50;  1 drivers
v0000021135b1e810_0 .net *"_ivl_473", 0 0, L_0000021135b31b70;  1 drivers
v0000021135b1d370_0 .net *"_ivl_474", 0 0, L_0000021135b3ed30;  1 drivers
v0000021135b1e8b0_0 .net *"_ivl_476", 0 0, L_0000021135b3dc20;  1 drivers
v0000021135b1d410_0 .net *"_ivl_479", 0 0, L_0000021135b31c10;  1 drivers
v0000021135b1e9f0_0 .net *"_ivl_480", 0 0, L_0000021135b3ee10;  1 drivers
v0000021135b1ea90_0 .net *"_ivl_482", 0 0, L_0000021135b3ef60;  1 drivers
v0000021135b1eb30_0 .net *"_ivl_485", 0 0, L_0000021135b30d10;  1 drivers
v0000021135b1edb0_0 .net *"_ivl_486", 0 0, L_0000021135b3efd0;  1 drivers
v0000021135b1ebd0_0 .net *"_ivl_488", 0 0, L_0000021135b3f040;  1 drivers
v0000021135b1ec70_0 .net *"_ivl_49", 0 0, L_0000021135b2f0f0;  1 drivers
v0000021135b1d5f0_0 .net *"_ivl_491", 0 0, L_0000021135b31d50;  1 drivers
v0000021135b1f5d0_0 .net *"_ivl_492", 0 0, L_0000021135b3f0b0;  1 drivers
v0000021135b1f670_0 .net *"_ivl_494", 0 0, L_0000021135b3e080;  1 drivers
v0000021135b1f530_0 .net *"_ivl_497", 0 0, L_0000021135b32e30;  1 drivers
v0000021135b1f710_0 .net *"_ivl_498", 0 0, L_0000021135b3f190;  1 drivers
v0000021135b1f8f0_0 .net *"_ivl_5", 0 0, L_0000021135b2de30;  1 drivers
v0000021135b1f2b0_0 .net *"_ivl_50", 0 0, L_0000021135a7c8a0;  1 drivers
v0000021135b1f7b0_0 .net *"_ivl_500", 0 0, L_0000021135b3e4e0;  1 drivers
v0000021135b1f850_0 .net *"_ivl_503", 0 0, L_0000021135b32cf0;  1 drivers
v0000021135b1f210_0 .net *"_ivl_504", 0 0, L_0000021135b3f270;  1 drivers
v0000021135b1f3f0_0 .net *"_ivl_507", 0 0, L_0000021135b32b10;  1 drivers
v0000021135b1f350_0 .net *"_ivl_508", 0 0, L_0000021135b3e390;  1 drivers
v0000021135b1f490_0 .net *"_ivl_510", 0 0, L_0000021135b3f2e0;  1 drivers
v0000021135b19130_0 .net *"_ivl_513", 0 0, L_0000021135b34ff0;  1 drivers
v0000021135b196d0_0 .net *"_ivl_517", 0 0, L_0000021135b34550;  1 drivers
v0000021135b18550_0 .net *"_ivl_518", 0 0, L_0000021135b3dbb0;  1 drivers
v0000021135b17ab0_0 .net *"_ivl_52", 0 0, L_0000021135a7c4b0;  1 drivers
v0000021135b19c70_0 .net *"_ivl_520", 0 0, L_0000021135b3f350;  1 drivers
v0000021135b193b0_0 .net *"_ivl_523", 0 0, L_0000021135b33790;  1 drivers
v0000021135b191d0_0 .net *"_ivl_524", 0 0, L_0000021135b3f3c0;  1 drivers
v0000021135b19bd0_0 .net *"_ivl_526", 0 0, L_0000021135b3f430;  1 drivers
v0000021135b19db0_0 .net *"_ivl_529", 0 0, L_0000021135b34870;  1 drivers
v0000021135b18d70_0 .net *"_ivl_530", 0 0, L_0000021135b3e5c0;  1 drivers
v0000021135b189b0_0 .net *"_ivl_532", 0 0, L_0000021135b3f510;  1 drivers
v0000021135b1a0d0_0 .net *"_ivl_535", 0 0, L_0000021135b33ab0;  1 drivers
v0000021135b17c90_0 .net *"_ivl_536", 0 0, L_0000021135b3f580;  1 drivers
v0000021135b18370_0 .net *"_ivl_538", 0 0, L_0000021135b3dc90;  1 drivers
v0000021135b19e50_0 .net *"_ivl_541", 0 0, L_0000021135b33830;  1 drivers
v0000021135b184b0_0 .net *"_ivl_542", 0 0, L_0000021135b49e00;  1 drivers
v0000021135b19ef0_0 .net *"_ivl_544", 0 0, L_0000021135b49d20;  1 drivers
v0000021135b185f0_0 .net *"_ivl_547", 0 0, L_0000021135b335b0;  1 drivers
v0000021135b19f90_0 .net *"_ivl_548", 0 0, L_0000021135b4a810;  1 drivers
v0000021135b187d0_0 .net *"_ivl_55", 0 0, L_0000021135b2f410;  1 drivers
v0000021135b1a030_0 .net *"_ivl_550", 0 0, L_0000021135b4b1b0;  1 drivers
v0000021135b17bf0_0 .net *"_ivl_553", 0 0, L_0000021135b33650;  1 drivers
v0000021135b18230_0 .net *"_ivl_554", 0 0, L_0000021135b49a80;  1 drivers
v0000021135b18870_0 .net *"_ivl_556", 0 0, L_0000021135b4b610;  1 drivers
v0000021135b19450_0 .net *"_ivl_559", 0 0, L_0000021135b34690;  1 drivers
v0000021135b1a170_0 .net *"_ivl_56", 0 0, L_0000021135a7b480;  1 drivers
v0000021135b18af0_0 .net *"_ivl_560", 0 0, L_0000021135b49f50;  1 drivers
v0000021135b18690_0 .net *"_ivl_562", 0 0, L_0000021135b4a5e0;  1 drivers
v0000021135b182d0_0 .net *"_ivl_565", 0 0, L_0000021135b32a70;  1 drivers
v0000021135b18c30_0 .net *"_ivl_566", 0 0, L_0000021135b49af0;  1 drivers
v0000021135b19270_0 .net *"_ivl_569", 0 0, L_0000021135b33f10;  1 drivers
v0000021135b18730_0 .net *"_ivl_570", 0 0, L_0000021135b4a180;  1 drivers
v0000021135b18910_0 .net *"_ivl_575", 0 0, L_0000021135b338d0;  1 drivers
v0000021135b17a10_0 .net *"_ivl_576", 0 0, L_0000021135b4b3e0;  1 drivers
v0000021135b19810_0 .net *"_ivl_578", 0 0, L_0000021135b4a030;  1 drivers
v0000021135b17e70_0 .net *"_ivl_581", 0 0, L_0000021135b33b50;  1 drivers
v0000021135b17b50_0 .net *"_ivl_582", 0 0, L_0000021135b4a420;  1 drivers
v0000021135b17d30_0 .net *"_ivl_584", 0 0, L_0000021135b4a6c0;  1 drivers
v0000021135b17dd0_0 .net *"_ivl_587", 0 0, L_0000021135b33330;  1 drivers
v0000021135b18050_0 .net *"_ivl_588", 0 0, L_0000021135b49d90;  1 drivers
v0000021135b17fb0_0 .net *"_ivl_59", 0 0, L_0000021135b2f550;  1 drivers
v0000021135b194f0_0 .net *"_ivl_590", 0 0, L_0000021135b4aab0;  1 drivers
v0000021135b19950_0 .net *"_ivl_593", 0 0, L_0000021135b33150;  1 drivers
v0000021135b180f0_0 .net *"_ivl_594", 0 0, L_0000021135b4a8f0;  1 drivers
v0000021135b17f10_0 .net *"_ivl_596", 0 0, L_0000021135b4a7a0;  1 drivers
v0000021135b19d10_0 .net *"_ivl_599", 0 0, L_0000021135b34eb0;  1 drivers
v0000021135b18190_0 .net *"_ivl_6", 0 0, L_0000021135a7b250;  1 drivers
v0000021135b19310_0 .net *"_ivl_600", 0 0, L_0000021135b4b220;  1 drivers
v0000021135b18b90_0 .net *"_ivl_602", 0 0, L_0000021135b4ace0;  1 drivers
v0000021135b18410_0 .net *"_ivl_605", 0 0, L_0000021135b34d70;  1 drivers
v0000021135b19a90_0 .net *"_ivl_606", 0 0, L_0000021135b4a730;  1 drivers
v0000021135b18a50_0 .net *"_ivl_608", 0 0, L_0000021135b4a880;  1 drivers
v0000021135b19590_0 .net *"_ivl_611", 0 0, L_0000021135b33bf0;  1 drivers
v0000021135b18cd0_0 .net *"_ivl_612", 0 0, L_0000021135b4ab20;  1 drivers
v0000021135b18e10_0 .net *"_ivl_614", 0 0, L_0000021135b4a960;  1 drivers
v0000021135b18eb0_0 .net *"_ivl_617", 0 0, L_0000021135b32bb0;  1 drivers
v0000021135b18f50_0 .net *"_ivl_618", 0 0, L_0000021135b4a1f0;  1 drivers
v0000021135b18ff0_0 .net *"_ivl_620", 0 0, L_0000021135b4ac70;  1 drivers
v0000021135b19090_0 .net *"_ivl_623", 0 0, L_0000021135b35090;  1 drivers
v0000021135b19630_0 .net *"_ivl_624", 0 0, L_0000021135b49ee0;  1 drivers
v0000021135b19770_0 .net *"_ivl_627", 0 0, L_0000021135b345f0;  1 drivers
v0000021135b198b0_0 .net *"_ivl_63", 0 0, L_0000021135b2ded0;  1 drivers
v0000021135b199f0_0 .net *"_ivl_631", 0 0, L_0000021135b33290;  1 drivers
v0000021135b19b30_0 .net *"_ivl_632", 0 0, L_0000021135b49c40;  1 drivers
v0000021135b25ba0_0 .net *"_ivl_635", 0 0, L_0000021135b34050;  1 drivers
v0000021135b25100_0 .net *"_ivl_636", 0 0, L_0000021135b49fc0;  1 drivers
v0000021135b27180_0 .net *"_ivl_638", 0 0, L_0000021135b4a9d0;  1 drivers
v0000021135b257e0_0 .net *"_ivl_64", 0 0, L_0000021135a7c9f0;  1 drivers
v0000021135b24a20_0 .net *"_ivl_641", 0 0, L_0000021135b32ed0;  1 drivers
v0000021135b26aa0_0 .net *"_ivl_642", 0 0, L_0000021135b4aa40;  1 drivers
v0000021135b24fc0_0 .net *"_ivl_644", 0 0, L_0000021135b4ab90;  1 drivers
v0000021135b25420_0 .net *"_ivl_647", 0 0, L_0000021135b340f0;  1 drivers
v0000021135b254c0_0 .net *"_ivl_648", 0 0, L_0000021135b4a650;  1 drivers
v0000021135b25880_0 .net *"_ivl_650", 0 0, L_0000021135b4af80;  1 drivers
v0000021135b25920_0 .net *"_ivl_653", 0 0, L_0000021135b33fb0;  1 drivers
v0000021135b25560_0 .net *"_ivl_654", 0 0, L_0000021135b4ac00;  1 drivers
v0000021135b25240_0 .net *"_ivl_656", 0 0, L_0000021135b4ad50;  1 drivers
v0000021135b261e0_0 .net *"_ivl_659", 0 0, L_0000021135b32c50;  1 drivers
v0000021135b259c0_0 .net *"_ivl_66", 0 0, L_0000021135a7cad0;  1 drivers
v0000021135b25740_0 .net *"_ivl_660", 0 0, L_0000021135b4a0a0;  1 drivers
v0000021135b26d20_0 .net *"_ivl_663", 0 0, L_0000021135b34730;  1 drivers
v0000021135b252e0_0 .net *"_ivl_667", 0 0, L_0000021135b33970;  1 drivers
v0000021135b270e0_0 .net *"_ivl_668", 0 0, L_0000021135b4b140;  1 drivers
v0000021135b26140_0 .net *"_ivl_670", 0 0, L_0000021135b49cb0;  1 drivers
v0000021135b25a60_0 .net *"_ivl_673", 0 0, L_0000021135b34190;  1 drivers
v0000021135b24ac0_0 .net *"_ivl_674", 0 0, L_0000021135b4a490;  1 drivers
v0000021135b251a0_0 .net *"_ivl_677", 0 0, L_0000021135b34af0;  1 drivers
v0000021135b25380_0 .net *"_ivl_678", 0 0, L_0000021135b4b530;  1 drivers
v0000021135b26780_0 .net *"_ivl_683", 0 0, L_0000021135b347d0;  1 drivers
v0000021135b26be0_0 .net *"_ivl_684", 0 0, L_0000021135b4ae30;  1 drivers
v0000021135b24b60_0 .net *"_ivl_687", 0 0, L_0000021135b33a10;  1 drivers
v0000021135b25d80_0 .net *"_ivl_688", 0 0, L_0000021135b4aea0;  1 drivers
v0000021135b26dc0_0 .net *"_ivl_69", 0 0, L_0000021135b2f370;  1 drivers
v0000021135b26f00_0 .net *"_ivl_690", 0 0, L_0000021135b4af10;  1 drivers
v0000021135b25e20_0 .net *"_ivl_693", 0 0, L_0000021135b34910;  1 drivers
v0000021135b25b00_0 .net *"_ivl_694", 0 0, L_0000021135b4a340;  1 drivers
v0000021135b24c00_0 .net *"_ivl_697", 0 0, L_0000021135b333d0;  1 drivers
v0000021135b24ca0_0 .net *"_ivl_698", 0 0, L_0000021135b4aff0;  1 drivers
v0000021135b25600_0 .net *"_ivl_70", 0 0, L_0000021135a7ce50;  1 drivers
v0000021135b26e60_0 .net *"_ivl_700", 0 0, L_0000021135b4a500;  1 drivers
v0000021135b256a0_0 .net *"_ivl_703", 0 0, L_0000021135b34e10;  1 drivers
v0000021135b26fa0_0 .net *"_ivl_704", 0 0, L_0000021135b4b060;  1 drivers
v0000021135b25c40_0 .net *"_ivl_706", 0 0, L_0000021135b4b0d0;  1 drivers
v0000021135b27040_0 .net *"_ivl_709", 0 0, L_0000021135b32d90;  1 drivers
v0000021135b25ce0_0 .net *"_ivl_710", 0 0, L_0000021135b4b290;  1 drivers
v0000021135b24d40_0 .net *"_ivl_713", 0 0, L_0000021135b32f70;  1 drivers
v0000021135b24de0_0 .net *"_ivl_717", 0 0, L_0000021135b349b0;  1 drivers
v0000021135b25ec0_0 .net *"_ivl_718", 0 0, L_0000021135b4b300;  1 drivers
v0000021135b25f60_0 .net *"_ivl_72", 0 0, L_0000021135a7cec0;  1 drivers
v0000021135b263c0_0 .net *"_ivl_720", 0 0, L_0000021135b4b370;  1 drivers
v0000021135b24e80_0 .net *"_ivl_723", 0 0, L_0000021135b34a50;  1 drivers
v0000021135b26000_0 .net *"_ivl_724", 0 0, L_0000021135b4a260;  1 drivers
v0000021135b260a0_0 .net *"_ivl_726", 0 0, L_0000021135b4a2d0;  1 drivers
v0000021135b26280_0 .net *"_ivl_729", 0 0, L_0000021135b33010;  1 drivers
v0000021135b26320_0 .net *"_ivl_730", 0 0, L_0000021135b4a3b0;  1 drivers
v0000021135b26460_0 .net *"_ivl_735", 0 0, L_0000021135b34230;  1 drivers
v0000021135b26500_0 .net *"_ivl_736", 0 0, L_0000021135b4b4c0;  1 drivers
v0000021135b265a0_0 .net *"_ivl_739", 0 0, L_0000021135b33c90;  1 drivers
v0000021135b24f20_0 .net *"_ivl_740", 0 0, L_0000021135b4b5a0;  1 drivers
v0000021135b26820_0 .net *"_ivl_743", 0 0, L_0000021135b331f0;  1 drivers
v0000021135b25060_0 .net *"_ivl_747", 0 0, L_0000021135b34b90;  1 drivers
v0000021135b26640_0 .net *"_ivl_748", 0 0, L_0000021135b4ba70;  1 drivers
v0000021135b266e0_0 .net *"_ivl_75", 0 0, L_0000021135b2e0b0;  1 drivers
v0000021135b268c0_0 .net *"_ivl_751", 0 0, L_0000021135b330b0;  1 drivers
v0000021135b26960_0 .net *"_ivl_752", 0 0, L_0000021135b4cb10;  1 drivers
v0000021135b26a00_0 .net *"_ivl_755", 0 0, L_0000021135b342d0;  1 drivers
v0000021135b26b40_0 .net *"_ivl_756", 0 0, L_0000021135b4ca30;  1 drivers
v0000021135b26c80_0 .net *"_ivl_76", 0 0, L_0000021135a7d010;  1 drivers
v0000021135b27360_0 .net *"_ivl_761", 0 0, L_0000021135b336f0;  1 drivers
v0000021135b27900_0 .net *"_ivl_762", 0 0, L_0000021135b4b680;  1 drivers
v0000021135b27860_0 .net *"_ivl_765", 0 0, L_0000021135b33d30;  1 drivers
v0000021135b27220_0 .net *"_ivl_766", 0 0, L_0000021135b4bae0;  1 drivers
v0000021135b27720_0 .net *"_ivl_768", 0 0, L_0000021135b4d210;  1 drivers
v0000021135b275e0_0 .net *"_ivl_771", 0 0, L_0000021135b33dd0;  1 drivers
v0000021135b27400_0 .net *"_ivl_772", 0 0, L_0000021135b4c020;  1 drivers
v0000021135b272c0_0 .net *"_ivl_777", 0 0, L_0000021135b33470;  1 drivers
v0000021135b27680_0 .net *"_ivl_778", 0 0, L_0000021135b4c250;  1 drivers
v0000021135b274a0_0 .net *"_ivl_78", 0 0, L_0000021135a7d160;  1 drivers
v0000021135b27540_0 .net *"_ivl_780", 0 0, L_0000021135b4bfb0;  1 drivers
v0000021135b277c0_0 .net *"_ivl_783", 0 0, L_0000021135b34f50;  1 drivers
v0000021135b20d80_0 .net *"_ivl_784", 0 0, L_0000021135b4b840;  1 drivers
v0000021135b20b00_0 .net *"_ivl_786", 0 0, L_0000021135b4d1a0;  1 drivers
v0000021135b201a0_0 .net *"_ivl_789", 0 0, L_0000021135b34370;  1 drivers
v0000021135b20e20_0 .net *"_ivl_790", 0 0, L_0000021135b4c5d0;  1 drivers
v0000021135b20600_0 .net *"_ivl_792", 0 0, L_0000021135b4c100;  1 drivers
v0000021135b1ffc0_0 .net *"_ivl_795", 0 0, L_0000021135b34410;  1 drivers
v0000021135b20560_0 .net *"_ivl_796", 0 0, L_0000021135b4cb80;  1 drivers
v0000021135b21140_0 .net *"_ivl_798", 0 0, L_0000021135b4b990;  1 drivers
v0000021135b22180_0 .net *"_ivl_801", 0 0, L_0000021135b33e70;  1 drivers
v0000021135b211e0_0 .net *"_ivl_802", 0 0, L_0000021135b4b920;  1 drivers
v0000021135b21f00_0 .net *"_ivl_804", 0 0, L_0000021135b4d050;  1 drivers
v0000021135b210a0_0 .net *"_ivl_807", 0 0, L_0000021135b33510;  1 drivers
v0000021135b218c0_0 .net *"_ivl_808", 0 0, L_0000021135b4c090;  1 drivers
v0000021135b21780_0 .net *"_ivl_81", 0 0, L_0000021135b2e290;  1 drivers
v0000021135b1fa20_0 .net *"_ivl_810", 0 0, L_0000021135b4caa0;  1 drivers
v0000021135b207e0_0 .net *"_ivl_813", 0 0, L_0000021135b344b0;  1 drivers
v0000021135b21fa0_0 .net *"_ivl_814", 0 0, L_0000021135b4cfe0;  1 drivers
v0000021135b21960_0 .net *"_ivl_816", 0 0, L_0000021135b4ce90;  1 drivers
v0000021135b1fb60_0 .net *"_ivl_819", 0 0, L_0000021135b34c30;  1 drivers
v0000021135b20880_0 .net *"_ivl_82", 0 0, L_0000021135a7d080;  1 drivers
v0000021135b21e60_0 .net *"_ivl_820", 0 0, L_0000021135b4ba00;  1 drivers
v0000021135b206a0_0 .net *"_ivl_823", 0 0, L_0000021135b35130;  1 drivers
v0000021135b20240_0 .net *"_ivl_824", 0 0, L_0000021135b4d130;  1 drivers
v0000021135b1fac0_0 .net *"_ivl_826", 0 0, L_0000021135b4bb50;  1 drivers
v0000021135b20740_0 .net *"_ivl_829", 0 0, L_0000021135b34cd0;  1 drivers
v0000021135b20ec0_0 .net *"_ivl_833", 0 0, L_0000021135b351d0;  1 drivers
v0000021135b1fca0_0 .net *"_ivl_834", 0 0, L_0000021135b4c2c0;  1 drivers
v0000021135b1fde0_0 .net *"_ivl_836", 0 0, L_0000021135b4c870;  1 drivers
v0000021135b20ba0_0 .net *"_ivl_839", 0 0, L_0000021135b574a0;  1 drivers
v0000021135b21280_0 .net *"_ivl_84", 0 0, L_0000021135a7cf30;  1 drivers
v0000021135b20100_0 .net *"_ivl_840", 0 0, L_0000021135b4b6f0;  1 drivers
v0000021135b20920_0 .net *"_ivl_843", 0 0, L_0000021135b566e0;  1 drivers
v0000021135b20ce0_0 .net *"_ivl_844", 0 0, L_0000021135b4c9c0;  1 drivers
v0000021135b213c0_0 .net *"_ivl_846", 0 0, L_0000021135b4cc60;  1 drivers
v0000021135b20f60_0 .net *"_ivl_849", 0 0, L_0000021135b570e0;  1 drivers
v0000021135b22040_0 .net *"_ivl_850", 0 0, L_0000021135b4b760;  1 drivers
v0000021135b209c0_0 .net *"_ivl_852", 0 0, L_0000021135b4cbf0;  1 drivers
v0000021135b1fe80_0 .net *"_ivl_855", 0 0, L_0000021135b58760;  1 drivers
v0000021135b20c40_0 .net *"_ivl_856", 0 0, L_0000021135b4ccd0;  1 drivers
v0000021135b21a00_0 .net *"_ivl_858", 0 0, L_0000021135b4cf70;  1 drivers
v0000021135b1fc00_0 .net *"_ivl_861", 0 0, L_0000021135b56780;  1 drivers
v0000021135b21460_0 .net *"_ivl_862", 0 0, L_0000021135b4ce20;  1 drivers
v0000021135b20a60_0 .net *"_ivl_864", 0 0, L_0000021135b4c6b0;  1 drivers
v0000021135b1ff20_0 .net *"_ivl_867", 0 0, L_0000021135b583a0;  1 drivers
v0000021135b21000_0 .net *"_ivl_868", 0 0, L_0000021135b4bc30;  1 drivers
v0000021135b1fd40_0 .net *"_ivl_87", 0 0, L_0000021135b2f690;  1 drivers
v0000021135b21d20_0 .net *"_ivl_870", 0 0, L_0000021135b4b7d0;  1 drivers
v0000021135b21320_0 .net *"_ivl_873", 0 0, L_0000021135b58800;  1 drivers
v0000021135b21500_0 .net *"_ivl_874", 0 0, L_0000021135b4c8e0;  1 drivers
v0000021135b215a0_0 .net *"_ivl_877", 0 0, L_0000021135b58120;  1 drivers
v0000021135b20060_0 .net *"_ivl_878", 0 0, L_0000021135b4bf40;  1 drivers
v0000021135b220e0_0 .net *"_ivl_88", 0 0, L_0000021135a7d0f0;  1 drivers
v0000021135b202e0_0 .net *"_ivl_880", 0 0, L_0000021135b4c800;  1 drivers
v0000021135b21640_0 .net *"_ivl_883", 0 0, L_0000021135b57360;  1 drivers
v0000021135b204c0_0 .net *"_ivl_887", 0 0, L_0000021135b586c0;  1 drivers
v0000021135b20380_0 .net *"_ivl_888", 0 0, L_0000021135b4cd40;  1 drivers
v0000021135b20420_0 .net *"_ivl_890", 0 0, L_0000021135b4c720;  1 drivers
v0000021135b216e0_0 .net *"_ivl_893", 0 0, L_0000021135b563c0;  1 drivers
v0000021135b21820_0 .net *"_ivl_894", 0 0, L_0000021135b4c3a0;  1 drivers
v0000021135b21aa0_0 .net *"_ivl_896", 0 0, L_0000021135b4bbc0;  1 drivers
v0000021135b21b40_0 .net *"_ivl_899", 0 0, L_0000021135b58260;  1 drivers
v0000021135b21be0_0 .net *"_ivl_9", 0 0, L_0000021135b2f230;  1 drivers
v0000021135b21c80_0 .net *"_ivl_90", 0 0, L_0000021135a7cfa0;  1 drivers
v0000021135b21dc0_0 .net *"_ivl_900", 0 0, L_0000021135b4c330;  1 drivers
v0000021135b234e0_0 .net *"_ivl_902", 0 0, L_0000021135b4d0c0;  1 drivers
v0000021135b22d60_0 .net *"_ivl_905", 0 0, L_0000021135b568c0;  1 drivers
v0000021135b236c0_0 .net *"_ivl_906", 0 0, L_0000021135b4b8b0;  1 drivers
v0000021135b24980_0 .net *"_ivl_908", 0 0, L_0000021135b4be60;  1 drivers
v0000021135b22720_0 .net *"_ivl_911", 0 0, L_0000021135b57400;  1 drivers
v0000021135b23940_0 .net *"_ivl_912", 0 0, L_0000021135b4bca0;  1 drivers
v0000021135b22680_0 .net *"_ivl_914", 0 0, L_0000021135b4cdb0;  1 drivers
v0000021135b22ea0_0 .net *"_ivl_917", 0 0, L_0000021135b572c0;  1 drivers
v0000021135b22860_0 .net *"_ivl_918", 0 0, L_0000021135b4c410;  1 drivers
v0000021135b23300_0 .net *"_ivl_920", 0 0, L_0000021135b4bd10;  1 drivers
v0000021135b233a0_0 .net *"_ivl_923", 0 0, L_0000021135b56dc0;  1 drivers
v0000021135b23440_0 .net *"_ivl_924", 0 0, L_0000021135b4bd80;  1 drivers
v0000021135b245c0_0 .net *"_ivl_926", 0 0, L_0000021135b4bed0;  1 drivers
v0000021135b24020_0 .net *"_ivl_929", 0 0, L_0000021135b56f00;  1 drivers
v0000021135b23620_0 .net *"_ivl_93", 0 0, L_0000021135b2f5f0;  1 drivers
v0000021135b22c20_0 .net *"_ivl_930", 0 0, L_0000021135b4c480;  1 drivers
v0000021135b23800_0 .net *"_ivl_932", 0 0, L_0000021135b4c4f0;  1 drivers
v0000021135b23760_0 .net *"_ivl_935", 0 0, L_0000021135b588a0;  1 drivers
v0000021135b23580_0 .net *"_ivl_936", 0 0, L_0000021135b4cf00;  1 drivers
v0000021135b23bc0_0 .net *"_ivl_938", 0 0, L_0000021135b4c560;  1 drivers
v0000021135b24660_0 .net *"_ivl_94", 0 0, L_0000021135b40070;  1 drivers
v0000021135b227c0_0 .net *"_ivl_941", 0 0, L_0000021135b58a80;  1 drivers
v0000021135b23c60_0 .net *"_ivl_945", 0 0, L_0000021135b575e0;  1 drivers
v0000021135b24700_0 .net *"_ivl_946", 0 0, L_0000021135b4c950;  1 drivers
v0000021135b23da0_0 .net *"_ivl_948", 0 0, L_0000021135b4d600;  1 drivers
v0000021135b225e0_0 .net *"_ivl_951", 0 0, L_0000021135b58300;  1 drivers
v0000021135b24200_0 .net *"_ivl_952", 0 0, L_0000021135b4d360;  1 drivers
v0000021135b22fe0_0 .net *"_ivl_955", 0 0, L_0000021135b57180;  1 drivers
v0000021135b239e0_0 .net *"_ivl_956", 0 0, L_0000021135b4d910;  1 drivers
v0000021135b23ee0_0 .net *"_ivl_96", 0 0, L_0000021135b40fc0;  1 drivers
v0000021135b22e00_0 .net *"_ivl_961", 0 0, L_0000021135b56320;  1 drivers
v0000021135b222c0_0 .net *"_ivl_962", 0 0, L_0000021135b4d590;  1 drivers
v0000021135b24480_0 .net *"_ivl_964", 0 0, L_0000021135b4d670;  1 drivers
v0000021135b23d00_0 .net *"_ivl_967", 0 0, L_0000021135b56be0;  1 drivers
v0000021135b23a80_0 .net *"_ivl_968", 0 0, L_0000021135b4d440;  1 drivers
v0000021135b243e0_0 .net *"_ivl_971", 0 0, L_0000021135b56460;  1 drivers
v0000021135b247a0_0 .net *"_ivl_975", 0 0, L_0000021135b57cc0;  1 drivers
v0000021135b23e40_0 .net *"_ivl_976", 0 0, L_0000021135b4d4b0;  1 drivers
v0000021135b242a0_0 .net *"_ivl_979", 0 0, L_0000021135b57540;  1 drivers
v0000021135b238a0_0 .net *"_ivl_980", 0 0, L_0000021135b4d280;  1 drivers
v0000021135b22400_0 .net *"_ivl_983", 0 0, L_0000021135b56820;  1 drivers
v0000021135b23f80_0 .net *"_ivl_984", 0 0, L_0000021135b4d7c0;  1 drivers
v0000021135b22900_0 .net *"_ivl_986", 0 0, L_0000021135b4d8a0;  1 drivers
v0000021135b23b20_0 .net *"_ivl_989", 0 0, L_0000021135b57220;  1 drivers
v0000021135b24840_0 .net *"_ivl_99", 0 0, L_0000021135b2e1f0;  1 drivers
v0000021135b23080_0 .net *"_ivl_990", 0 0, L_0000021135b4d2f0;  1 drivers
v0000021135b231c0_0 .net *"_ivl_992", 0 0, L_0000021135b4d6e0;  1 drivers
v0000021135b240c0_0 .net *"_ivl_995", 0 0, L_0000021135b58940;  1 drivers
v0000021135b22220_0 .net *"_ivl_996", 0 0, L_0000021135b4d750;  1 drivers
v0000021135b24340_0 .net *"_ivl_998", 0 0, L_0000021135b4d830;  1 drivers
v0000021135b248e0_0 .net "i_add", 0 0, L_0000021135b40d90;  1 drivers
v0000021135b24160_0 .net "i_addi", 0 0, L_0000021135b4b450;  1 drivers
v0000021135b229a0_0 .net "i_and", 0 0, L_0000021135b40bd0;  1 drivers
v0000021135b24520_0 .net "i_andi", 0 0, L_0000021135b49b60;  1 drivers
v0000021135b22360_0 .net "i_beq", 0 0, L_0000021135b62140;  1 drivers
v0000021135b224a0_0 .net "i_bge", 0 0, L_0000021135b61b20;  1 drivers
v0000021135b22540_0 .net "i_bgeu", 0 0, L_0000021135b62450;  1 drivers
v0000021135b22a40_0 .net "i_blt", 0 0, L_0000021135b61ff0;  1 drivers
v0000021135b22ae0_0 .net "i_bltu", 0 0, L_0000021135b61d50;  1 drivers
v0000021135b22b80_0 .net "i_bne", 0 0, L_0000021135b618f0;  1 drivers
v0000021135b22cc0_0 .net "i_jal", 0 0, L_0000021135b62b50;  1 drivers
v0000021135b22f40_0 .net "i_jalr", 0 0, L_0000021135b62920;  1 drivers
v0000021135b23120_0 .net "i_lw", 0 0, L_0000021135b4adc0;  1 drivers
v0000021135b23260_0 .net "i_or", 0 0, L_0000021135b40460;  1 drivers
v0000021135b371b0_0 .net "i_ori", 0 0, L_0000021135b4c640;  1 drivers
v0000021135b35c70_0 .net "i_sll", 0 0, L_0000021135b3e860;  1 drivers
v0000021135b36210_0 .net "i_slli", 0 0, L_0000021135b4c790;  1 drivers
v0000021135b35950_0 .net "i_slt", 0 0, L_0000021135b49e70;  1 drivers
v0000021135b36710_0 .net "i_slti", 0 0, L_0000021135b4d3d0;  1 drivers
v0000021135b359f0_0 .net "i_sltu", 0 0, L_0000021135b49bd0;  1 drivers
v0000021135b36530_0 .net "i_sltui", 0 0, L_0000021135b4d520;  1 drivers
v0000021135b36c10_0 .net "i_sra", 0 0, L_0000021135b3e550;  1 drivers
v0000021135b36fd0_0 .net "i_srai", 0 0, L_0000021135b4c1e0;  1 drivers
v0000021135b367b0_0 .net "i_srl", 0 0, L_0000021135b3da60;  1 drivers
v0000021135b356d0_0 .net "i_srli", 0 0, L_0000021135b4c170;  1 drivers
v0000021135b35310_0 .net "i_sub", 0 0, L_0000021135b403f0;  1 drivers
v0000021135b35e50_0 .net "i_sw", 0 0, L_0000021135b61ea0;  1 drivers
v0000021135b37610_0 .net "i_xor", 0 0, L_0000021135b3f5f0;  1 drivers
v0000021135b37570_0 .net "i_xori", 0 0, L_0000021135b4bdf0;  1 drivers
v0000021135b363f0_0 .net "itype_l", 0 0, L_0000021135b4a570;  1 drivers
v0000021135b35630_0 .net "itype_r", 0 0, L_0000021135b4a110;  1 drivers
v0000021135b365d0_0 .net "rtype", 0 0, L_0000021135a7c590;  1 drivers
v0000021135b35590_0 .net "sbtype", 0 0, L_0000021135b61340;  1 drivers
v0000021135b36030_0 .net "stype", 0 0, L_0000021135b621b0;  1 drivers
L_0000021135b2f050 .part L_0000021135b2dc50, 6, 1;
L_0000021135b2de30 .part L_0000021135b2dc50, 5, 1;
L_0000021135b2f230 .part L_0000021135b2dc50, 4, 1;
L_0000021135b2e510 .part L_0000021135b2dc50, 3, 1;
L_0000021135b2f2d0 .part L_0000021135b2dc50, 2, 1;
L_0000021135b2f730 .part L_0000021135b2dc50, 1, 1;
L_0000021135b2eab0 .part L_0000021135b2dc50, 0, 1;
L_0000021135b2e5b0 .part L_0000021135b2dc50, 6, 1;
L_0000021135b2e6f0 .part L_0000021135b2dc50, 5, 1;
L_0000021135b2e970 .part L_0000021135b2dc50, 4, 1;
L_0000021135b2ea10 .part L_0000021135b2dc50, 3, 1;
L_0000021135b2f0f0 .part L_0000021135b2dc50, 2, 1;
L_0000021135b2f410 .part L_0000021135b2dc50, 1, 1;
L_0000021135b2f550 .part L_0000021135b2dc50, 0, 1;
L_0000021135b2ded0 .part L_0000021135b2e150, 6, 1;
L_0000021135b2f370 .part L_0000021135b2e150, 5, 1;
L_0000021135b2e0b0 .part L_0000021135b2e150, 4, 1;
L_0000021135b2e290 .part L_0000021135b2e150, 3, 1;
L_0000021135b2f690 .part L_0000021135b2e150, 2, 1;
L_0000021135b2f5f0 .part L_0000021135b2e150, 1, 1;
L_0000021135b2e1f0 .part L_0000021135b2e150, 0, 1;
L_0000021135b2f910 .part L_0000021135b2e330, 2, 1;
L_0000021135b2faf0 .part L_0000021135b2e330, 1, 1;
L_0000021135b2fb90 .part L_0000021135b2e330, 0, 1;
L_0000021135b2fcd0 .part L_0000021135b2e150, 6, 1;
L_0000021135b2fd70 .part L_0000021135b2e150, 5, 1;
L_0000021135b31cb0 .part L_0000021135b2e150, 4, 1;
L_0000021135b30c70 .part L_0000021135b2e150, 3, 1;
L_0000021135b32390 .part L_0000021135b2e150, 2, 1;
L_0000021135b329d0 .part L_0000021135b2e150, 1, 1;
L_0000021135b312b0 .part L_0000021135b2e150, 0, 1;
L_0000021135b30810 .part L_0000021135b2e330, 2, 1;
L_0000021135b31030 .part L_0000021135b2e330, 1, 1;
L_0000021135b31350 .part L_0000021135b2e330, 0, 1;
L_0000021135b32070 .part L_0000021135b2e150, 6, 1;
L_0000021135b30310 .part L_0000021135b2e150, 5, 1;
L_0000021135b31710 .part L_0000021135b2e150, 4, 1;
L_0000021135b31df0 .part L_0000021135b2e150, 3, 1;
L_0000021135b32930 .part L_0000021135b2e150, 2, 1;
L_0000021135b31f30 .part L_0000021135b2e150, 1, 1;
L_0000021135b32430 .part L_0000021135b2e150, 0, 1;
L_0000021135b30a90 .part L_0000021135b2e330, 2, 1;
L_0000021135b31e90 .part L_0000021135b2e330, 1, 1;
L_0000021135b31530 .part L_0000021135b2e330, 0, 1;
L_0000021135b315d0 .part L_0000021135b2e150, 6, 1;
L_0000021135b32110 .part L_0000021135b2e150, 5, 1;
L_0000021135b31670 .part L_0000021135b2e150, 4, 1;
L_0000021135b313f0 .part L_0000021135b2e150, 3, 1;
L_0000021135b30630 .part L_0000021135b2e150, 2, 1;
L_0000021135b322f0 .part L_0000021135b2e150, 1, 1;
L_0000021135b32750 .part L_0000021135b2e150, 0, 1;
L_0000021135b30f90 .part L_0000021135b2e330, 2, 1;
L_0000021135b31490 .part L_0000021135b2e330, 1, 1;
L_0000021135b32610 .part L_0000021135b2e330, 0, 1;
L_0000021135b317b0 .part L_0000021135b2e150, 6, 1;
L_0000021135b308b0 .part L_0000021135b2e150, 5, 1;
L_0000021135b327f0 .part L_0000021135b2e150, 4, 1;
L_0000021135b30db0 .part L_0000021135b2e150, 3, 1;
L_0000021135b324d0 .part L_0000021135b2e150, 2, 1;
L_0000021135b30270 .part L_0000021135b2e150, 1, 1;
L_0000021135b30e50 .part L_0000021135b2e150, 0, 1;
L_0000021135b30ef0 .part L_0000021135b2e330, 2, 1;
L_0000021135b31fd0 .part L_0000021135b2e330, 1, 1;
L_0000021135b321b0 .part L_0000021135b2e330, 0, 1;
L_0000021135b31850 .part L_0000021135b2e150, 6, 1;
L_0000021135b310d0 .part L_0000021135b2e150, 5, 1;
L_0000021135b318f0 .part L_0000021135b2e150, 4, 1;
L_0000021135b30b30 .part L_0000021135b2e150, 3, 1;
L_0000021135b30950 .part L_0000021135b2e150, 2, 1;
L_0000021135b326b0 .part L_0000021135b2e150, 1, 1;
L_0000021135b32570 .part L_0000021135b2e150, 0, 1;
L_0000021135b31990 .part L_0000021135b2e330, 2, 1;
L_0000021135b303b0 .part L_0000021135b2e330, 1, 1;
L_0000021135b30450 .part L_0000021135b2e330, 0, 1;
L_0000021135b304f0 .part L_0000021135b2e150, 6, 1;
L_0000021135b32250 .part L_0000021135b2e150, 5, 1;
L_0000021135b31a30 .part L_0000021135b2e150, 4, 1;
L_0000021135b32890 .part L_0000021135b2e150, 3, 1;
L_0000021135b30590 .part L_0000021135b2e150, 2, 1;
L_0000021135b31ad0 .part L_0000021135b2e150, 1, 1;
L_0000021135b306d0 .part L_0000021135b2e150, 0, 1;
L_0000021135b30770 .part L_0000021135b2e330, 2, 1;
L_0000021135b31170 .part L_0000021135b2e330, 1, 1;
L_0000021135b309f0 .part L_0000021135b2e330, 0, 1;
L_0000021135b31210 .part L_0000021135b2e150, 6, 1;
L_0000021135b30bd0 .part L_0000021135b2e150, 5, 1;
L_0000021135b31b70 .part L_0000021135b2e150, 4, 1;
L_0000021135b31c10 .part L_0000021135b2e150, 3, 1;
L_0000021135b30d10 .part L_0000021135b2e150, 2, 1;
L_0000021135b31d50 .part L_0000021135b2e150, 1, 1;
L_0000021135b32e30 .part L_0000021135b2e150, 0, 1;
L_0000021135b32cf0 .part L_0000021135b2e330, 2, 1;
L_0000021135b32b10 .part L_0000021135b2e330, 1, 1;
L_0000021135b34ff0 .part L_0000021135b2e330, 0, 1;
L_0000021135b34550 .part L_0000021135b2e150, 6, 1;
L_0000021135b33790 .part L_0000021135b2e150, 5, 1;
L_0000021135b34870 .part L_0000021135b2e150, 4, 1;
L_0000021135b33ab0 .part L_0000021135b2e150, 3, 1;
L_0000021135b33830 .part L_0000021135b2e150, 2, 1;
L_0000021135b335b0 .part L_0000021135b2e150, 1, 1;
L_0000021135b33650 .part L_0000021135b2e150, 0, 1;
L_0000021135b34690 .part L_0000021135b2e330, 2, 1;
L_0000021135b32a70 .part L_0000021135b2e330, 1, 1;
L_0000021135b33f10 .part L_0000021135b2e330, 0, 1;
L_0000021135b338d0 .part L_0000021135b2e150, 6, 1;
L_0000021135b33b50 .part L_0000021135b2e150, 5, 1;
L_0000021135b33330 .part L_0000021135b2e150, 4, 1;
L_0000021135b33150 .part L_0000021135b2e150, 3, 1;
L_0000021135b34eb0 .part L_0000021135b2e150, 2, 1;
L_0000021135b34d70 .part L_0000021135b2e150, 1, 1;
L_0000021135b33bf0 .part L_0000021135b2e150, 0, 1;
L_0000021135b32bb0 .part L_0000021135b2e330, 2, 1;
L_0000021135b35090 .part L_0000021135b2e330, 1, 1;
L_0000021135b345f0 .part L_0000021135b2e330, 0, 1;
L_0000021135b33290 .part L_0000021135b2dc50, 6, 1;
L_0000021135b34050 .part L_0000021135b2dc50, 5, 1;
L_0000021135b32ed0 .part L_0000021135b2dc50, 4, 1;
L_0000021135b340f0 .part L_0000021135b2dc50, 3, 1;
L_0000021135b33fb0 .part L_0000021135b2dc50, 2, 1;
L_0000021135b32c50 .part L_0000021135b2dc50, 1, 1;
L_0000021135b34730 .part L_0000021135b2dc50, 0, 1;
L_0000021135b33970 .part L_0000021135b2e330, 2, 1;
L_0000021135b34190 .part L_0000021135b2e330, 1, 1;
L_0000021135b34af0 .part L_0000021135b2e330, 0, 1;
L_0000021135b347d0 .part L_0000021135b2dc50, 6, 1;
L_0000021135b33a10 .part L_0000021135b2dc50, 5, 1;
L_0000021135b34910 .part L_0000021135b2dc50, 4, 1;
L_0000021135b333d0 .part L_0000021135b2dc50, 3, 1;
L_0000021135b34e10 .part L_0000021135b2dc50, 2, 1;
L_0000021135b32d90 .part L_0000021135b2dc50, 1, 1;
L_0000021135b32f70 .part L_0000021135b2dc50, 0, 1;
L_0000021135b349b0 .part L_0000021135b2e330, 2, 1;
L_0000021135b34a50 .part L_0000021135b2e330, 1, 1;
L_0000021135b33010 .part L_0000021135b2e330, 0, 1;
L_0000021135b34230 .part L_0000021135b2e330, 2, 1;
L_0000021135b33c90 .part L_0000021135b2e330, 1, 1;
L_0000021135b331f0 .part L_0000021135b2e330, 0, 1;
L_0000021135b34b90 .part L_0000021135b2e330, 2, 1;
L_0000021135b330b0 .part L_0000021135b2e330, 1, 1;
L_0000021135b342d0 .part L_0000021135b2e330, 0, 1;
L_0000021135b336f0 .part L_0000021135b2e330, 2, 1;
L_0000021135b33d30 .part L_0000021135b2e330, 1, 1;
L_0000021135b33dd0 .part L_0000021135b2e330, 0, 1;
L_0000021135b33470 .part L_0000021135b2e150, 6, 1;
L_0000021135b34f50 .part L_0000021135b2e150, 5, 1;
L_0000021135b34370 .part L_0000021135b2e150, 4, 1;
L_0000021135b34410 .part L_0000021135b2e150, 3, 1;
L_0000021135b33e70 .part L_0000021135b2e150, 2, 1;
L_0000021135b33510 .part L_0000021135b2e150, 1, 1;
L_0000021135b344b0 .part L_0000021135b2e150, 0, 1;
L_0000021135b34c30 .part L_0000021135b2e330, 2, 1;
L_0000021135b35130 .part L_0000021135b2e330, 1, 1;
L_0000021135b34cd0 .part L_0000021135b2e330, 0, 1;
L_0000021135b351d0 .part L_0000021135b2e150, 6, 1;
L_0000021135b574a0 .part L_0000021135b2e150, 5, 1;
L_0000021135b566e0 .part L_0000021135b2e150, 4, 1;
L_0000021135b570e0 .part L_0000021135b2e150, 3, 1;
L_0000021135b58760 .part L_0000021135b2e150, 2, 1;
L_0000021135b56780 .part L_0000021135b2e150, 1, 1;
L_0000021135b583a0 .part L_0000021135b2e150, 0, 1;
L_0000021135b58800 .part L_0000021135b2e330, 2, 1;
L_0000021135b58120 .part L_0000021135b2e330, 1, 1;
L_0000021135b57360 .part L_0000021135b2e330, 0, 1;
L_0000021135b586c0 .part L_0000021135b2e150, 6, 1;
L_0000021135b563c0 .part L_0000021135b2e150, 5, 1;
L_0000021135b58260 .part L_0000021135b2e150, 4, 1;
L_0000021135b568c0 .part L_0000021135b2e150, 3, 1;
L_0000021135b57400 .part L_0000021135b2e150, 2, 1;
L_0000021135b572c0 .part L_0000021135b2e150, 1, 1;
L_0000021135b56dc0 .part L_0000021135b2e150, 0, 1;
L_0000021135b56f00 .part L_0000021135b2e330, 2, 1;
L_0000021135b588a0 .part L_0000021135b2e330, 1, 1;
L_0000021135b58a80 .part L_0000021135b2e330, 0, 1;
L_0000021135b575e0 .part L_0000021135b2e330, 2, 1;
L_0000021135b58300 .part L_0000021135b2e330, 1, 1;
L_0000021135b57180 .part L_0000021135b2e330, 0, 1;
L_0000021135b56320 .part L_0000021135b2e330, 2, 1;
L_0000021135b56be0 .part L_0000021135b2e330, 1, 1;
L_0000021135b56460 .part L_0000021135b2e330, 0, 1;
L_0000021135b57cc0 .part L_0000021135b2dc50, 6, 1;
L_0000021135b57540 .part L_0000021135b2dc50, 5, 1;
L_0000021135b56820 .part L_0000021135b2dc50, 4, 1;
L_0000021135b57220 .part L_0000021135b2dc50, 3, 1;
L_0000021135b58940 .part L_0000021135b2dc50, 2, 1;
L_0000021135b56960 .part L_0000021135b2dc50, 1, 1;
L_0000021135b589e0 .part L_0000021135b2dc50, 0, 1;
L_0000021135b56b40 .part L_0000021135b2e330, 2, 1;
L_0000021135b57a40 .part L_0000021135b2e330, 1, 1;
L_0000021135b57040 .part L_0000021135b2e330, 0, 1;
L_0000021135b58440 .part L_0000021135b2dc50, 6, 1;
L_0000021135b56500 .part L_0000021135b2dc50, 5, 1;
L_0000021135b57900 .part L_0000021135b2dc50, 4, 1;
L_0000021135b56a00 .part L_0000021135b2dc50, 3, 1;
L_0000021135b565a0 .part L_0000021135b2dc50, 2, 1;
L_0000021135b56e60 .part L_0000021135b2dc50, 1, 1;
L_0000021135b56640 .part L_0000021135b2dc50, 0, 1;
L_0000021135b56c80 .part L_0000021135b2e330, 2, 1;
L_0000021135b57680 .part L_0000021135b2e330, 1, 1;
L_0000021135b56aa0 .part L_0000021135b2e330, 0, 1;
L_0000021135b57ae0 .part L_0000021135b2e330, 2, 1;
L_0000021135b56d20 .part L_0000021135b2e330, 1, 1;
L_0000021135b56fa0 .part L_0000021135b2e330, 0, 1;
L_0000021135b57720 .part L_0000021135b2e330, 2, 1;
L_0000021135b577c0 .part L_0000021135b2e330, 1, 1;
L_0000021135b57860 .part L_0000021135b2e330, 0, 1;
L_0000021135b579a0 .part L_0000021135b2e330, 2, 1;
L_0000021135b57b80 .part L_0000021135b2e330, 1, 1;
L_0000021135b57c20 .part L_0000021135b2e330, 0, 1;
L_0000021135b57d60 .part L_0000021135b2e330, 2, 1;
L_0000021135b57e00 .part L_0000021135b2e330, 1, 1;
L_0000021135b57ea0 .part L_0000021135b2e330, 0, 1;
L_0000021135b57f40 .part L_0000021135b2e330, 2, 1;
L_0000021135b57fe0 .part L_0000021135b2e330, 1, 1;
L_0000021135b584e0 .part L_0000021135b2e330, 0, 1;
L_0000021135b58080 .part L_0000021135b2dc50, 6, 1;
L_0000021135b581c0 .part L_0000021135b2dc50, 5, 1;
L_0000021135b58580 .part L_0000021135b2dc50, 4, 1;
L_0000021135b58620 .part L_0000021135b2dc50, 3, 1;
L_0000021135b59660 .part L_0000021135b2dc50, 2, 1;
L_0000021135b59020 .part L_0000021135b2dc50, 1, 1;
L_0000021135b5a240 .part L_0000021135b2dc50, 0, 1;
L_0000021135b59ca0 .part L_0000021135b2dc50, 6, 1;
L_0000021135b5b000 .part L_0000021135b2dc50, 5, 1;
L_0000021135b598e0 .part L_0000021135b2dc50, 4, 1;
L_0000021135b5a740 .part L_0000021135b2dc50, 3, 1;
L_0000021135b58f80 .part L_0000021135b2dc50, 2, 1;
L_0000021135b592a0 .part L_0000021135b2dc50, 1, 1;
L_0000021135b59840 .part L_0000021135b2dc50, 0, 1;
LS_0000021135b5a9c0_0_0 .concat8 [ 1 1 1 1], L_0000021135b62df0, L_0000021135b62d10, L_0000021135b62f40, L_0000021135b63410;
LS_0000021135b5a9c0_0_4 .concat8 [ 1 1 0 0], L_0000021135b63330, L_0000021135b62ed0;
L_0000021135b5a9c0 .concat8 [ 4 2 0 0], LS_0000021135b5a9c0_0_0, LS_0000021135b5a9c0_0_4;
L_0000021135b5a100 .concat8 [ 1 1 0 0], L_0000021135b60540, L_0000021135b5f660;
LS_0000021135b59e80_0_0 .concat8 [ 1 1 1 1], L_0000021135b5f900, L_0000021135b5fb30, L_0000021135b5fe40, L_0000021135bb00d0;
LS_0000021135b59e80_0_4 .concat8 [ 1 0 0 0], L_0000021135bb0088;
L_0000021135b59e80 .concat8 [ 4 1 0 0], LS_0000021135b59e80_0_0, LS_0000021135b59e80_0_4;
LS_0000021135b58e40_0_0 .concat8 [ 1 1 1 1], L_0000021135b71c20, L_0000021135b60620, L_0000021135b5fc80, L_0000021135b60ee0;
LS_0000021135b58e40_0_4 .concat8 [ 1 0 0 0], L_0000021135b5f740;
L_0000021135b58e40 .concat8 [ 4 1 0 0], LS_0000021135b58e40_0_0, LS_0000021135b58e40_0_4;
S_0000021135604050 .scope module, "U_imem" "im" 3 38, 13 2 0, S_000002113560b4b0;
 .timescale -9 -12;
    .port_info 0 /INPUT 30 "addr";
    .port_info 1 /OUTPUT 32 "dout";
L_0000021135b73200 .functor BUFZ 32, L_0000021135b5c220, C4<00000000000000000000000000000000>, C4<00000000000000000000000000000000>, C4<00000000000000000000000000000000>;
v0000021135b3d6f0 .array "RAM", 0 127, 31 0;
v0000021135b3ce30_0 .net *"_ivl_0", 31 0, L_0000021135b5c220;  1 drivers
v0000021135b3d330_0 .net "addr", 31 2, L_0000021135b5ba00;  1 drivers
v0000021135b3d470_0 .net "dout", 31 0, L_0000021135b73200;  alias, 1 drivers
v0000021135b3d790_0 .var/i "i", 31 0;
L_0000021135b5c220 .array/port v0000021135b3d6f0, L_0000021135b5ba00;
    .scope S_00000211356446c0;
T_0 ;
    %wait E_0000021135a85a30;
    %load/vec4 v0000021135aa04f0_0;
    %flag_set/vec4 8;
    %jmp/0xz  T_0.0, 8;
    %pushi/vec4 0, 0, 32;
    %assign/vec4 v0000021135a9ef10_0, 0;
    %jmp T_0.1;
T_0.0 ;
    %load/vec4 v0000021135a9fb90_0;
    %flag_set/vec4 8;
    %jmp/0xz  T_0.2, 8;
    %load/vec4 v0000021135a9c3f0_0;
    %assign/vec4 v0000021135a9ef10_0, 0;
T_0.2 ;
T_0.1 ;
    %jmp T_0;
    .thread T_0;
    .scope S_0000021135644530;
T_1 ;
    %wait E_0000021135a860b0;
    %load/vec4 v0000021135a9cc10_0;
    %dup/vec4;
    %pushi/vec4 0, 0, 5;
    %cmp/u;
    %jmp/1 T_1.0, 6;
    %dup/vec4;
    %pushi/vec4 1, 0, 5;
    %cmp/u;
    %jmp/1 T_1.1, 6;
    %dup/vec4;
    %pushi/vec4 2, 0, 5;
    %cmp/u;
    %jmp/1 T_1.2, 6;
    %dup/vec4;
    %pushi/vec4 4, 0, 5;
    %cmp/u;
    %jmp/1 T_1.3, 6;
    %load/vec4 v0000021135a9e830_0;
    %store/vec4 v0000021135a9e790_0, 0, 32;
    %jmp T_1.5;
T_1.0 ;
    %load/vec4 v0000021135a9e830_0;
    %store/vec4 v0000021135a9e790_0, 0, 32;
    %jmp T_1.5;
T_1.1 ;
    %load/vec4 v0000021135a9ce90_0;
    %load/vec4 v0000021135a9cb70_0;
    %add;
    %subi 8, 0, 32;
    %store/vec4 v0000021135a9e790_0, 0, 32;
    %jmp T_1.5;
T_1.2 ;
    %load/vec4 v0000021135a9ce90_0;
    %load/vec4 v0000021135a9cb70_0;
    %add;
    %subi 8, 0, 32;
    %store/vec4 v0000021135a9e790_0, 0, 32;
    %jmp T_1.5;
T_1.3 ;
    %load/vec4 v0000021135a9e1f0_0;
    %store/vec4 v0000021135a9e790_0, 0, 32;
    %jmp T_1.5;
T_1.5 ;
    %pop/vec4 1;
    %jmp T_1;
    .thread T_1, $push;
    .scope S_00000211355ba1a0;
T_2 ;
    %wait E_0000021135a859b0;
    %load/vec4 v0000021135a9d250_0;
    %dup/vec4;
    %pushi/vec4 32, 0, 6;
    %cmp/u;
    %jmp/1 T_2.0, 6;
    %dup/vec4;
    %pushi/vec4 16, 0, 6;
    %cmp/u;
    %jmp/1 T_2.1, 6;
    %dup/vec4;
    %pushi/vec4 8, 0, 6;
    %cmp/u;
    %jmp/1 T_2.2, 6;
    %dup/vec4;
    %pushi/vec4 4, 0, 6;
    %cmp/u;
    %jmp/1 T_2.3, 6;
    %dup/vec4;
    %pushi/vec4 2, 0, 6;
    %cmp/u;
    %jmp/1 T_2.4, 6;
    %dup/vec4;
    %pushi/vec4 1, 0, 6;
    %cmp/u;
    %jmp/1 T_2.5, 6;
    %pushi/vec4 0, 0, 32;
    %assign/vec4 v0000021135a9cdf0_0, 0;
    %jmp T_2.7;
T_2.0 ;
    %pushi/vec4 0, 0, 27;
    %load/vec4 v0000021135a9e0b0_0;
    %parti/s 5, 0, 2;
    %concat/vec4; draw_concat_vec4
    %assign/vec4 v0000021135a9cdf0_0, 0;
    %jmp T_2.7;
T_2.1 ;
    %load/vec4 v0000021135a9e0b0_0;
    %parti/s 1, 11, 5;
    %replicate 20;
    %load/vec4 v0000021135a9e0b0_0;
    %concat/vec4; draw_concat_vec4
    %assign/vec4 v0000021135a9cdf0_0, 0;
    %jmp T_2.7;
T_2.2 ;
    %load/vec4 v0000021135a9e150_0;
    %parti/s 1, 11, 5;
    %replicate 20;
    %load/vec4 v0000021135a9e150_0;
    %concat/vec4; draw_concat_vec4
    %assign/vec4 v0000021135a9cdf0_0, 0;
    %jmp T_2.7;
T_2.3 ;
    %load/vec4 v0000021135a9db10_0;
    %parti/s 1, 11, 5;
    %replicate 19;
    %load/vec4 v0000021135a9db10_0;
    %concat/vec4; draw_concat_vec4
    %concati/vec4 0, 0, 1;
    %assign/vec4 v0000021135a9cdf0_0, 0;
    %jmp T_2.7;
T_2.4 ;
    %load/vec4 v0000021135a9d2f0_0;
    %concati/vec4 0, 0, 12;
    %assign/vec4 v0000021135a9cdf0_0, 0;
    %jmp T_2.7;
T_2.5 ;
    %load/vec4 v0000021135a9c850_0;
    %parti/s 1, 19, 6;
    %replicate 21;
    %load/vec4 v0000021135a9c850_0;
    %concat/vec4; draw_concat_vec4
    %concati/vec4 0, 0, 1;
    %pad/u 32;
    %assign/vec4 v0000021135a9cdf0_0, 0;
    %jmp T_2.7;
T_2.7 ;
    %pop/vec4 1;
    %jmp T_2;
    .thread T_2, $push;
    .scope S_000002113560bc60;
T_3 ;
    %wait E_0000021135a85a70;
    %load/vec4 v0000021135aa03b0_0;
    %flag_set/vec4 8;
    %jmp/0xz  T_3.0, 8;
    %pushi/vec4 1, 0, 32;
    %store/vec4 v0000021135aa09f0_0, 0, 32;
T_3.2 ;
    %load/vec4 v0000021135aa09f0_0;
    %cmpi/s 32, 0, 32;
    %jmp/0xz T_3.3, 5;
    %pushi/vec4 0, 0, 32;
    %ix/getv/s 3, v0000021135aa09f0_0;
    %ix/load 4, 0, 0; Constant delay
    %assign/vec4/a/d v0000021135a9feb0, 0, 4;
    %load/vec4 v0000021135aa09f0_0;
    %addi 1, 0, 32;
    %store/vec4 v0000021135aa09f0_0, 0, 32;
    %jmp T_3.2;
T_3.3 ;
    %jmp T_3.1;
T_3.0 ;
    %load/vec4 v0000021135aa0770_0;
    %flag_set/vec4 8;
    %jmp/0xz  T_3.4, 8;
    %load/vec4 v0000021135a9fd70_0;
    %cmpi/ne 0, 0, 5;
    %jmp/0xz  T_3.6, 4;
    %load/vec4 v0000021135aa0270_0;
    %load/vec4 v0000021135a9fd70_0;
    %pad/u 7;
    %ix/vec4 3;
    %ix/load 4, 0, 0; Constant delay
    %assign/vec4/a/d v0000021135a9feb0, 0, 4;
T_3.6 ;
T_3.4 ;
T_3.1 ;
    %jmp T_3;
    .thread T_3;
    .scope S_000002113560bdf0;
T_4 ;
    %wait E_0000021135a85eb0;
    %load/vec4 v0000021135aa0590_0;
    %dup/vec4;
    %pushi/vec4 1, 0, 5;
    %cmp/u;
    %jmp/1 T_4.0, 6;
    %dup/vec4;
    %pushi/vec4 3, 0, 5;
    %cmp/u;
    %jmp/1 T_4.1, 6;
    %dup/vec4;
    %pushi/vec4 4, 0, 5;
    %cmp/u;
    %jmp/1 T_4.2, 6;
    %dup/vec4;
    %pushi/vec4 12, 0, 5;
    %cmp/u;
    %jmp/1 T_4.3, 6;
    %dup/vec4;
    %pushi/vec4 13, 0, 5;
    %cmp/u;
    %jmp/1 T_4.4, 6;
    %dup/vec4;
    %pushi/vec4 14, 0, 5;
    %cmp/u;
    %jmp/1 T_4.5, 6;
    %dup/vec4;
    %pushi/vec4 15, 0, 5;
    %cmp/u;
    %jmp/1 T_4.6, 6;
    %dup/vec4;
    %pushi/vec4 16, 0, 5;
    %cmp/u;
    %jmp/1 T_4.7, 6;
    %dup/vec4;
    %pushi/vec4 17, 0, 5;
    %cmp/u;
    %jmp/1 T_4.8, 6;
    %dup/vec4;
    %pushi/vec4 10, 0, 5;
    %cmp/u;
    %jmp/1 T_4.9, 6;
    %dup/vec4;
    %pushi/vec4 11, 0, 5;
    %cmp/u;
    %jmp/1 T_4.10, 6;
    %dup/vec4;
    %pushi/vec4 19, 0, 5;
    %cmp/u;
    %jmp/1 T_4.11, 6;
    %dup/vec4;
    %pushi/vec4 5, 0, 5;
    %cmp/u;
    %jmp/1 T_4.12, 6;
    %dup/vec4;
    %pushi/vec4 6, 0, 5;
    %cmp/u;
    %jmp/1 T_4.13, 6;
    %dup/vec4;
    %pushi/vec4 7, 0, 5;
    %cmp/u;
    %jmp/1 T_4.14, 6;
    %dup/vec4;
    %pushi/vec4 8, 0, 5;
    %cmp/u;
    %jmp/1 T_4.15, 6;
    %dup/vec4;
    %pushi/vec4 9, 0, 5;
    %cmp/u;
    %jmp/1 T_4.16, 6;
    %load/vec4 v0000021135aa0c70_0;
    %store/vec4 v0000021135aa0a90_0, 0, 32;
    %jmp T_4.18;
T_4.0 ;
    %load/vec4 v0000021135a9f0f0_0;
    %store/vec4 v0000021135aa0a90_0, 0, 32;
    %jmp T_4.18;
T_4.1 ;
    %load/vec4 v0000021135aa0c70_0;
    %load/vec4 v0000021135a9f0f0_0;
    %add;
    %store/vec4 v0000021135aa0a90_0, 0, 32;
    %jmp T_4.18;
T_4.2 ;
    %load/vec4 v0000021135aa0c70_0;
    %load/vec4 v0000021135a9f0f0_0;
    %sub;
    %store/vec4 v0000021135aa0a90_0, 0, 32;
    %jmp T_4.18;
T_4.3 ;
    %load/vec4 v0000021135aa0c70_0;
    %load/vec4 v0000021135a9f0f0_0;
    %xor;
    %store/vec4 v0000021135aa0a90_0, 0, 32;
    %jmp T_4.18;
T_4.4 ;
    %load/vec4 v0000021135aa0c70_0;
    %load/vec4 v0000021135a9f0f0_0;
    %or;
    %store/vec4 v0000021135aa0a90_0, 0, 32;
    %jmp T_4.18;
T_4.5 ;
    %load/vec4 v0000021135aa0c70_0;
    %load/vec4 v0000021135a9f0f0_0;
    %and;
    %store/vec4 v0000021135aa0a90_0, 0, 32;
    %jmp T_4.18;
T_4.6 ;
    %load/vec4 v0000021135aa0c70_0;
    %load/vec4 v0000021135a9f0f0_0;
    %ix/vec4 4;
    %shiftl 4;
    %store/vec4 v0000021135aa0a90_0, 0, 32;
    %jmp T_4.18;
T_4.7 ;
    %load/vec4 v0000021135aa0c70_0;
    %load/vec4 v0000021135a9f0f0_0;
    %ix/vec4 4;
    %shiftr 4;
    %store/vec4 v0000021135aa0a90_0, 0, 32;
    %jmp T_4.18;
T_4.8 ;
    %load/vec4 v0000021135aa0c70_0;
    %load/vec4 v0000021135a9f0f0_0;
    %ix/vec4 4;
    %shiftr/s 4;
    %store/vec4 v0000021135aa0a90_0, 0, 32;
    %jmp T_4.18;
T_4.9 ;
    %load/vec4 v0000021135aa0c70_0;
    %load/vec4 v0000021135a9f0f0_0;
    %cmp/s;
    %flag_get/vec4 5;
    %pad/u 32;
    %store/vec4 v0000021135aa0a90_0, 0, 32;
    %jmp T_4.18;
T_4.10 ;
    %load/vec4 v0000021135aa0c70_0;
    %load/vec4 v0000021135a9f0f0_0;
    %cmp/u;
    %flag_get/vec4 5;
    %pad/u 32;
    %store/vec4 v0000021135aa0a90_0, 0, 32;
    %jmp T_4.18;
T_4.11 ;
    %load/vec4 v0000021135aa0c70_0;
    %load/vec4 v0000021135a9f0f0_0;
    %sub;
    %store/vec4 v0000021135aa0a90_0, 0, 32;
    %jmp T_4.18;
T_4.12 ;
    %load/vec4 v0000021135aa0c70_0;
    %load/vec4 v0000021135a9f0f0_0;
    %sub;
    %store/vec4 v0000021135aa0a90_0, 0, 32;
    %jmp T_4.18;
T_4.13 ;
    %load/vec4 v0000021135aa0c70_0;
    %load/vec4 v0000021135a9f0f0_0;
    %cmp/s;
    %flag_get/vec4 5;
    %pad/u 32;
    %store/vec4 v0000021135aa0a90_0, 0, 32;
    %jmp T_4.18;
T_4.14 ;
    %load/vec4 v0000021135aa0c70_0;
    %load/vec4 v0000021135a9f0f0_0;
    %cmp/s;
    %flag_get/vec4 5;
    %pad/u 32;
    %store/vec4 v0000021135aa0a90_0, 0, 32;
    %jmp T_4.18;
T_4.15 ;
    %load/vec4 v0000021135aa0c70_0;
    %load/vec4 v0000021135a9f0f0_0;
    %cmp/u;
    %flag_get/vec4 5;
    %pad/u 32;
    %store/vec4 v0000021135aa0a90_0, 0, 32;
    %jmp T_4.18;
T_4.16 ;
    %load/vec4 v0000021135aa0c70_0;
    %load/vec4 v0000021135a9f0f0_0;
    %cmp/u;
    %flag_get/vec4 5;
    %pad/u 32;
    %store/vec4 v0000021135aa0a90_0, 0, 32;
    %jmp T_4.18;
T_4.18 ;
    %pop/vec4 1;
    %jmp T_4;
    .thread T_4, $push;
    .scope S_00000211355eedf0;
T_5 ;
    %wait E_0000021135a85c70;
    %load/vec4 v0000021135a9dbb0_0;
    %flag_set/vec4 8;
    %jmp/1 T_5.2, 8;
    %load/vec4 v0000021135a9e6f0_0;
    %flag_set/vec4 9;
    %flag_or 8, 9;
T_5.2;
    %jmp/0xz  T_5.0, 8;
    %pushi/vec4 0, 0, 64;
    %assign/vec4 v0000021135a9da70_0, 0;
    %jmp T_5.1;
T_5.0 ;
    %load/vec4 v0000021135a9e470_0;
    %flag_set/vec4 8;
    %jmp/0xz  T_5.3, 8;
    %load/vec4 v0000021135a9e010_0;
    %assign/vec4 v0000021135a9da70_0, 0;
T_5.3 ;
T_5.1 ;
    %jmp T_5;
    .thread T_5;
    .scope S_00000211355eec60;
T_6 ;
    %wait E_0000021135a86070;
    %load/vec4 v0000021135a9d930_0;
    %flag_set/vec4 8;
    %jmp/1 T_6.2, 8;
    %load/vec4 v0000021135a9e330_0;
    %flag_set/vec4 9;
    %flag_or 8, 9;
T_6.2;
    %jmp/0xz  T_6.0, 8;
    %pushi/vec4 0, 0, 194;
    %assign/vec4 v0000021135a9c530_0, 0;
    %jmp T_6.1;
T_6.0 ;
    %load/vec4 v0000021135a9df70_0;
    %flag_set/vec4 8;
    %jmp/0xz  T_6.3, 8;
    %load/vec4 v0000021135a9d570_0;
    %assign/vec4 v0000021135a9c530_0, 0;
T_6.3 ;
T_6.1 ;
    %jmp T_6;
    .thread T_6;
    .scope S_00000211355f6e40;
T_7 ;
    %wait E_0000021135a86130;
    %load/vec4 v0000021135a9d7f0_0;
    %flag_set/vec4 8;
    %jmp/1 T_7.2, 8;
    %load/vec4 v0000021135a9e290_0;
    %flag_set/vec4 9;
    %flag_or 8, 9;
T_7.2;
    %jmp/0xz  T_7.0, 8;
    %pushi/vec4 0, 0, 146;
    %assign/vec4 v0000021135a9d9d0_0, 0;
    %jmp T_7.1;
T_7.0 ;
    %load/vec4 v0000021135a9c670_0;
    %flag_set/vec4 8;
    %jmp/0xz  T_7.3, 8;
    %load/vec4 v0000021135a9d110_0;
    %assign/vec4 v0000021135a9d9d0_0, 0;
T_7.3 ;
T_7.1 ;
    %jmp T_7;
    .thread T_7;
    .scope S_00000211355ba010;
T_8 ;
    %wait E_0000021135a85f70;
    %load/vec4 v0000021135a9d1b0_0;
    %flag_set/vec4 8;
    %jmp/1 T_8.2, 8;
    %load/vec4 v0000021135a9e5b0_0;
    %flag_set/vec4 9;
    %flag_or 8, 9;
T_8.2;
    %jmp/0xz  T_8.0, 8;
    %pushi/vec4 0, 0, 136;
    %assign/vec4 v0000021135a9dc50_0, 0;
    %jmp T_8.1;
T_8.0 ;
    %load/vec4 v0000021135a9c2b0_0;
    %flag_set/vec4 8;
    %jmp/0xz  T_8.3, 8;
    %load/vec4 v0000021135a9c7b0_0;
    %assign/vec4 v0000021135a9dc50_0, 0;
T_8.3 ;
T_8.1 ;
    %jmp T_8;
    .thread T_8;
    .scope S_00000211355f6cb0;
T_9 ;
    %wait E_0000021135a85d30;
    %load/vec4 v0000021135b39af0_0;
    %dup/vec4;
    %pushi/vec4 0, 0, 2;
    %cmp/u;
    %jmp/1 T_9.0, 6;
    %dup/vec4;
    %pushi/vec4 1, 0, 2;
    %cmp/u;
    %jmp/1 T_9.1, 6;
    %dup/vec4;
    %pushi/vec4 2, 0, 2;
    %cmp/u;
    %jmp/1 T_9.2, 6;
    %jmp T_9.3;
T_9.0 ;
    %load/vec4 v0000021135b380b0_0;
    %assign/vec4 v0000021135b388d0_0, 0;
    %jmp T_9.3;
T_9.1 ;
    %load/vec4 v0000021135b386f0_0;
    %assign/vec4 v0000021135b388d0_0, 0;
    %jmp T_9.3;
T_9.2 ;
    %load/vec4 v0000021135b38510_0;
    %addi 4, 0, 32;
    %assign/vec4 v0000021135b388d0_0, 0;
    %jmp T_9.3;
T_9.3 ;
    %pop/vec4 1;
    %jmp T_9;
    .thread T_9, $push;
    .scope S_00000211355f6cb0;
T_10 ;
    %wait E_0000021135a85030;
    %load/vec4 v0000021135b38d30_0;
    %flag_set/vec4 10;
    %flag_get/vec4 10;
    %jmp/0 T_10.3, 10;
    %load/vec4 v0000021135b38830_0;
    %pad/u 32;
    %pushi/vec4 0, 0, 32;
    %cmp/ne;
    %flag_get/vec4 4;
    %and;
T_10.3;
    %flag_set/vec4 9;
    %flag_get/vec4 9;
    %jmp/0 T_10.2, 9;
    %load/vec4 v0000021135b38830_0;
    %load/vec4 v0000021135b38010_0;
    %cmp/e;
    %flag_get/vec4 4;
    %and;
T_10.2;
    %flag_set/vec4 8;
    %jmp/0xz  T_10.0, 8;
    %load/vec4 v0000021135b388d0_0;
    %store/vec4 v0000021135b3d1f0_0, 0, 32;
    %jmp T_10.1;
T_10.0 ;
    %load/vec4 v0000021135b37390_0;
    %store/vec4 v0000021135b3d1f0_0, 0, 32;
T_10.1 ;
    %jmp T_10;
    .thread T_10, $push;
    .scope S_000002113560b640;
T_11 ;
    %wait E_0000021135a853b0;
    %load/vec4 v0000021135a9c710_0;
    %flag_set/vec4 8;
    %jmp/0xz  T_11.0, 8;
    %load/vec4 v0000021135a9cfd0_0;
    %load/vec4 v0000021135a9cf30_0;
    %parti/s 7, 2, 3;
    %pad/u 9;
    %ix/vec4 3;
    %ix/load 4, 0, 0; Constant delay
    %assign/vec4/a/d v0000021135a9e510, 0, 4;
    %vpi_call 4 16 "$write", " memaddr = %h, memdata = %h ", v0000021135a9cf30_0, v0000021135a9cfd0_0 {0 0 0};
T_11.0 ;
    %jmp T_11;
    .thread T_11;
    .scope S_000002113560b640;
T_12 ;
    %wait E_0000021135a852f0;
    %load/vec4 v0000021135a9cd50_0;
    %flag_set/vec4 8;
    %jmp/0xz  T_12.0, 8;
    %load/vec4 v0000021135a9cf30_0;
    %parti/s 7, 2, 3;
    %pad/u 9;
    %ix/vec4 4;
    %load/vec4a v0000021135a9e510, 4;
    %assign/vec4 v0000021135a9e970_0, 0;
T_12.0 ;
    %jmp T_12;
    .thread T_12, $push;
    .scope S_0000021135604050;
T_13 ;
    %pushi/vec4 2097427, 0, 32;
    %ix/load 4, 0, 0;
    %flag_set/imm 4, 0;
    %store/vec4a v0000021135b3d6f0, 4, 0;
    %pushi/vec4 8458515, 0, 32;
    %ix/load 4, 1, 0;
    %flag_set/imm 4, 0;
    %store/vec4a v0000021135b3d6f0, 4, 0;
    %pushi/vec4 25231635, 0, 32;
    %ix/load 4, 2, 0;
    %flag_set/imm 4, 0;
    %store/vec4a v0000021135b3d6f0, 4, 0;
    %pushi/vec4 16847123, 0, 32;
    %ix/load 4, 3, 0;
    %flag_set/imm 4, 0;
    %store/vec4a v0000021135b3d6f0, 4, 0;
    %pushi/vec4 16777619, 0, 32;
    %ix/load 4, 4, 0;
    %flag_set/imm 4, 0;
    %store/vec4a v0000021135b3d6f0, 4, 0;
    %pushi/vec4 8491411, 0, 32;
    %ix/load 4, 5, 0;
    %flag_set/imm 4, 0;
    %store/vec4a v0000021135b3d6f0, 4, 0;
    %pushi/vec4 25264531, 0, 32;
    %ix/load 4, 6, 0;
    %flag_set/imm 4, 0;
    %store/vec4a v0000021135b3d6f0, 4, 0;
    %pushi/vec4 3211571, 0, 32;
    %ix/load 4, 7, 0;
    %flag_set/imm 4, 0;
    %store/vec4a v0000021135b3d6f0, 4, 0;
    %pushi/vec4 404758563, 0, 32;
    %ix/load 4, 8, 0;
    %flag_set/imm 4, 0;
    %store/vec4a v0000021135b3d6f0, 4, 0;
    %pushi/vec4 8390035, 0, 32;
    %ix/load 4, 9, 0;
    %flag_set/imm 4, 0;
    %store/vec4a v0000021135b3d6f0, 4, 0;
    %pushi/vec4 402663299, 0, 32;
    %ix/load 4, 10, 0;
    %flag_set/imm 4, 0;
    %store/vec4a v0000021135b3d6f0, 4, 0;
    %pushi/vec4 307, 0, 32;
    %ix/load 4, 11, 0;
    %flag_set/imm 4, 0;
    %store/vec4a v0000021135b3d6f0, 4, 0;
    %pushi/vec4 15729171, 0, 32;
    %ix/load 4, 12, 0;
    %flag_set/imm 4, 0;
    %store/vec4a v0000021135b3d6f0, 4, 0;
    %pushi/vec4 4715443, 0, 32;
    %ix/load 4, 13, 0;
    %flag_set/imm 4, 0;
    %store/vec4a v0000021135b3d6f0, 4, 0;
    %pushi/vec4 2167955, 0, 32;
    %ix/load 4, 14, 0;
    %flag_set/imm 4, 0;
    %store/vec4a v0000021135b3d6f0, 4, 0;
    %pushi/vec4 9687987, 0, 32;
    %ix/load 4, 15, 0;
    %flag_set/imm 4, 0;
    %store/vec4a v0000021135b3d6f0, 4, 0;
    %pushi/vec4 4330131, 0, 32;
    %ix/load 4, 16, 0;
    %flag_set/imm 4, 0;
    %store/vec4a v0000021135b3d6f0, 4, 0;
    %pushi/vec4 67123, 0, 32;
    %ix/load 4, 17, 0;
    %flag_set/imm 4, 0;
    %store/vec4a v0000021135b3d6f0, 4, 0;
    %pushi/vec4 231091, 0, 32;
    %ix/load 4, 18, 0;
    %flag_set/imm 4, 0;
    %store/vec4a v0000021135b3d6f0, 4, 0;
    %pushi/vec4 1114515, 0, 32;
    %ix/load 4, 19, 0;
    %flag_set/imm 4, 0;
    %store/vec4a v0000021135b3d6f0, 4, 0;
    %pushi/vec4 45188707, 0, 32;
    %ix/load 4, 20, 0;
    %flag_set/imm 4, 0;
    %store/vec4a v0000021135b3d6f0, 4, 0;
    %pushi/vec4 5764147, 0, 32;
    %ix/load 4, 21, 0;
    %flag_set/imm 4, 0;
    %store/vec4a v0000021135b3d6f0, 4, 0;
    %pushi/vec4 2200851, 0, 32;
    %ix/load 4, 22, 0;
    %flag_set/imm 4, 0;
    %store/vec4a v0000021135b3d6f0, 4, 0;
    %pushi/vec4 10769459, 0, 32;
    %ix/load 4, 23, 0;
    %flag_set/imm 4, 0;
    %store/vec4a v0000021135b3d6f0, 4, 0;
    %pushi/vec4 8824627, 0, 32;
    %ix/load 4, 24, 0;
    %flag_set/imm 4, 0;
    %store/vec4a v0000021135b3d6f0, 4, 0;
    %pushi/vec4 460387, 0, 32;
    %ix/load 4, 25, 0;
    %flag_set/imm 4, 0;
    %store/vec4a v0000021135b3d6f0, 4, 0;
    %pushi/vec4 263859, 0, 32;
    %ix/load 4, 26, 0;
    %flag_set/imm 4, 0;
    %store/vec4a v0000021135b3d6f0, 4, 0;
    %pushi/vec4 99891, 0, 32;
    %ix/load 4, 27, 0;
    %flag_set/imm 4, 0;
    %store/vec4a v0000021135b3d6f0, 4, 0;
    %pushi/vec4 4362899, 0, 32;
    %ix/load 4, 28, 0;
    %flag_set/imm 4, 0;
    %store/vec4a v0000021135b3d6f0, 4, 0;
    %pushi/vec4 1147283, 0, 32;
    %ix/load 4, 29, 0;
    %flag_set/imm 4, 0;
    %store/vec4a v0000021135b3d6f0, 4, 0;
    %pushi/vec4 4255117423, 0, 32;
    %ix/load 4, 30, 0;
    %flag_set/imm 4, 0;
    %store/vec4a v0000021135b3d6f0, 4, 0;
    %pushi/vec4 12658483, 0, 32;
    %ix/load 4, 31, 0;
    %flag_set/imm 4, 0;
    %store/vec4a v0000021135b3d6f0, 4, 0;
    %pushi/vec4 459875, 0, 32;
    %ix/load 4, 32, 0;
    %flag_set/imm 4, 0;
    %store/vec4a v0000021135b3d6f0, 4, 0;
    %pushi/vec4 46137583, 0, 32;
    %ix/load 4, 33, 0;
    %flag_set/imm 4, 0;
    %store/vec4a v0000021135b3d6f0, 4, 0;
    %pushi/vec4 4330003, 0, 32;
    %ix/load 4, 34, 0;
    %flag_set/imm 4, 0;
    %store/vec4a v0000021135b3d6f0, 4, 0;
    %pushi/vec4 1114387, 0, 32;
    %ix/load 4, 35, 0;
    %flag_set/imm 4, 0;
    %store/vec4a v0000021135b3d6f0, 4, 0;
    %pushi/vec4 4205908707, 0, 32;
    %ix/load 4, 36, 0;
    %flag_set/imm 4, 0;
    %store/vec4a v0000021135b3d6f0, 4, 0;
    %pushi/vec4 418390563, 0, 32;
    %ix/load 4, 37, 0;
    %flag_set/imm 4, 0;
    %store/vec4a v0000021135b3d6f0, 4, 0;
    %pushi/vec4 4294902071, 0, 32;
    %ix/load 4, 38, 0;
    %flag_set/imm 4, 0;
    %store/vec4a v0000021135b3d6f0, 4, 0;
    %pushi/vec4 4284563, 0, 32;
    %ix/load 4, 39, 0;
    %flag_set/imm 4, 0;
    %store/vec4a v0000021135b3d6f0, 4, 0;
    %pushi/vec4 12673299, 0, 32;
    %ix/load 4, 40, 0;
    %flag_set/imm 4, 0;
    %store/vec4a v0000021135b3d6f0, 4, 0;
    %pushi/vec4 805307027, 0, 32;
    %ix/load 4, 41, 0;
    %flag_set/imm 4, 0;
    %store/vec4a v0000021135b3d6f0, 4, 0;
    %pushi/vec4 268628627, 0, 32;
    %ix/load 4, 42, 0;
    %flag_set/imm 4, 0;
    %store/vec4a v0000021135b3d6f0, 4, 0;
    %pushi/vec4 4271894639, 0, 32;
    %ix/load 4, 43, 0;
    %flag_set/imm 4, 0;
    %store/vec4a v0000021135b3d6f0, 4, 0;
    %pushi/vec4 15729299, 0, 32;
    %ix/load 4, 44, 0;
    %flag_set/imm 4, 0;
    %store/vec4a v0000021135b3d6f0, 4, 0;
    %pushi/vec4 2495763, 0, 32;
    %ix/load 4, 45, 0;
    %flag_set/imm 4, 0;
    %store/vec4a v0000021135b3d6f0, 4, 0;
    %pushi/vec4 10654387, 0, 32;
    %ix/load 4, 46, 0;
    %flag_set/imm 4, 0;
    %store/vec4a v0000021135b3d6f0, 4, 0;
    %pushi/vec4 5399347, 0, 32;
    %ix/load 4, 47, 0;
    %flag_set/imm 4, 0;
    %store/vec4a v0000021135b3d6f0, 4, 0;
    %pushi/vec4 4294132499, 0, 32;
    %ix/load 4, 48, 0;
    %flag_set/imm 4, 0;
    %store/vec4a v0000021135b3d6f0, 4, 0;
    %pushi/vec4 6813619, 0, 32;
    %ix/load 4, 49, 0;
    %flag_set/imm 4, 0;
    %store/vec4a v0000021135b3d6f0, 4, 0;
    %pushi/vec4 9868339, 0, 32;
    %ix/load 4, 50, 0;
    %flag_set/imm 4, 0;
    %store/vec4a v0000021135b3d6f0, 4, 0;
    %pushi/vec4 8906675, 0, 32;
    %ix/load 4, 51, 0;
    %flag_set/imm 4, 0;
    %store/vec4a v0000021135b3d6f0, 4, 0;
    %pushi/vec4 10720179, 0, 32;
    %ix/load 4, 52, 0;
    %flag_set/imm 4, 0;
    %store/vec4a v0000021135b3d6f0, 4, 0;
    %pushi/vec4 7858099, 0, 32;
    %ix/load 4, 53, 0;
    %flag_set/imm 4, 0;
    %store/vec4a v0000021135b3d6f0, 4, 0;
    %pushi/vec4 32871, 0, 32;
    %ix/load 4, 54, 0;
    %flag_set/imm 4, 0;
    %store/vec4a v0000021135b3d6f0, 4, 0;
    %pushi/vec4 55, 0, 32;
    %store/vec4 v0000021135b3d790_0, 0, 32;
T_13.0 ;
    %load/vec4 v0000021135b3d790_0;
    %cmpi/s 128, 0, 32;
    %jmp/0xz T_13.1, 5;
    %pushi/vec4 0, 0, 32;
    %ix/getv/s 4, v0000021135b3d790_0;
    %store/vec4a v0000021135b3d6f0, 4, 0;
    %load/vec4 v0000021135b3d790_0;
    %addi 1, 0, 32;
    %store/vec4 v0000021135b3d790_0, 0, 32;
    %jmp T_13.0;
T_13.1 ;
    %end;
    .thread T_13;
    .scope S_0000021135ab0370;
T_14 ;
    %vpi_func 2 14 "$value$plusargs" 32, "IMEM=%s", v0000021135b2fff0_0 {0 0 0};
    %nor/r;
    %flag_set/vec4 8;
    %jmp/0xz  T_14.0, 8;
    %vpi_call 2 15 "$display", "[ERROR] missing +IMEM=<path>" {0 0 0};
    %vpi_call 2 16 "$finish" {0 0 0};
T_14.0 ;
    %vpi_func 2 18 "$value$plusargs" 32, "CYCLES=%d", v0000021135b2f4b0_0 {0 0 0};
    %nor/r;
    %flag_set/vec4 8;
    %jmp/0xz  T_14.2, 8;
    %pushi/vec4 160, 0, 32;
    %store/vec4 v0000021135b2f4b0_0, 0, 32;
T_14.2 ;
    %vpi_call 2 22 "$readmemh", v0000021135b2fff0_0, v0000021135b3d6f0 {0 0 0};
    %pushi/vec4 0, 0, 32;
    %store/vec4 v0000021135b2e830_0, 0, 32;
T_14.4 ;
    %load/vec4 v0000021135b2e830_0;
    %cmpi/s 128, 0, 32;
    %jmp/0xz T_14.5, 5;
    %pushi/vec4 0, 0, 32;
    %ix/getv/s 4, v0000021135b2e830_0;
    %store/vec4a v0000021135a9e510, 4, 0;
    %load/vec4 v0000021135b2e830_0;
    %addi 1, 0, 32;
    %store/vec4 v0000021135b2e830_0, 0, 32;
    %jmp T_14.4;
T_14.5 ;
    %pushi/vec4 0, 0, 1;
    %store/vec4 v0000021135b2e3d0_0, 0, 1;
    %pushi/vec4 1, 0, 1;
    %store/vec4 v0000021135b2e470_0, 0, 1;
    %delay 50000, 0;
    %pushi/vec4 0, 0, 1;
    %store/vec4 v0000021135b2e470_0, 0, 1;
    %load/vec4 v0000021135b2f4b0_0;
T_14.6 %dup/vec4;
    %pushi/vec4 0, 0, 32;
    %cmp/s;
    %jmp/1xz T_14.7, 5;
    %jmp/1 T_14.7, 4;
    %pushi/vec4 1, 0, 32;
    %sub;
    %wait E_0000021135a853b0;
    %jmp T_14.6;
T_14.7 ;
    %pop/vec4 1;
    %vpi_call 2 34 "$display", "[SNAPSHOT] registers" {0 0 0};
    %vpi_call 2 35 "$display", "[REG] x0=00000000" {0 0 0};
    %pushi/vec4 1, 0, 32;
    %store/vec4 v0000021135b2e830_0, 0, 32;
T_14.8 ;
    %load/vec4 v0000021135b2e830_0;
    %cmpi/s 32, 0, 32;
    %jmp/0xz T_14.9, 5;
    %vpi_call 2 37 "$display", "[REG] x%0d=%08x", v0000021135b2e830_0, &A<v0000021135a9feb0, v0000021135b2e830_0 > {0 0 0};
    %load/vec4 v0000021135b2e830_0;
    %addi 1, 0, 32;
    %store/vec4 v0000021135b2e830_0, 0, 32;
    %jmp T_14.8;
T_14.9 ;
    %vpi_call 2 40 "$display", "[SNAPSHOT] memory" {0 0 0};
    %pushi/vec4 0, 0, 32;
    %store/vec4 v0000021135b2e830_0, 0, 32;
T_14.10 ;
    %load/vec4 v0000021135b2e830_0;
    %cmpi/s 64, 0, 32;
    %jmp/0xz T_14.11, 5;
    %vpi_call 2 42 "$display", "[MEM] m%0d=%08x", v0000021135b2e830_0, &A<v0000021135a9e510, v0000021135b2e830_0 > {0 0 0};
    %load/vec4 v0000021135b2e830_0;
    %addi 1, 0, 32;
    %store/vec4 v0000021135b2e830_0, 0, 32;
    %jmp T_14.10;
T_14.11 ;
    %vpi_call 2 45 "$finish" {0 0 0};
    %end;
    .thread T_14;
    .scope S_0000021135ab0370;
T_15 ;
    %delay 5000, 0;
    %load/vec4 v0000021135b2e3d0_0;
    %inv;
    %store/vec4 v0000021135b2e3d0_0, 0, 1;
    %jmp T_15;
    .thread T_15;
# The file index is used to find the file name in the following table.
:file_names 14;
    "N/A";
    "<interactive>";
    "..\iverilog-tests\tb\pl_final_tb.v";
    "plcomp.v";
    "dm.v";
    "PLCPU.v";
    "pl_reg.v";
    "EXT.v";
    "NPC.v";
    "PC.v";
    "RF.v";
    "alu.v";
    "ctrl.v";
    "im.v";
